,0
2023-01-01,1
2023-01-01,2
2023-01-01,3
2023-01-01,4
2023-01-01,5
2023-01-01,6
2023-01-01,7
2023-01-01,8
2023-01-01,9
2023-01-01,10
2023-01-01,11
2023-01-01,50
2023-01-01,13
2023-01-01,14
2023-01-01,15
2023-01-01,16
2023-01-01,17
2023-01-01,18
2023-01-01,19
2023-01-01,20
2023-01-01,21
2023-01-01,22
2023-01-01,23
2023-01-01,24
2023-01-01,25
2023-01-01,26
2023-01-01,27
2023-01-01,28
2023-01-01,29
2023-01-01,30
2023-01-01,31
2023-01-01,32
2023-01-01,33
2023-01-01,34
2023-01-01,35
2023-01-01,36
2023-01-01,37
2023-01-01,38
2023-01-01,39
2023-01-01,40
2023-01-01,41
2023-01-01,42
2023-01-01,43
2023-01-01,44
2023-01-01,45
2023-01-01,46
2023-01-01,47
2023-01-01,48
2023-01-01,49
2023-01-01,50
2023-01-01,51
2023-01-01,52
2023-01-01,53
2023-01-01,54
2023-01-01,55
2023-01-01,56
2023-01-01,57
2023-01-01,58
2023-01-01,59
2023-01-01,60
2023-01-01,61
2023-01-01,62
2023-01-01,63
2023-01-01,64
2023-01-01,65
2023-01-01,66
2023-01-01,67
2023-01-01,68
2023-01-01,69
2023-01-01,70
2023-01-01,71
2023-01-01,72
2023-01-01,73
2023-01-01,74
2023-01-01,75
2023-01-01,76
2023-01-01,77
2023-01-01,78
2023-01-01,79
2023-01-01,80
2023-01-01,81
2023-01-01,82
2023-01-01,83
2023-01-01,84
2023-01-01,85
2023-01-01,86
2023-01-01,87
2023-01-01,88
2023-01-01,89
2023-01-01,90
2023-01-01,91
2023-01-01,92
2023-01-01,93
2023-01-01,94
2023-01-01,50
2023-01-01,96
2023-01-01,50
2023-01-01,98
2023-01-01,99
2023-01-01,100
2023-01-08,1
2023-01-08,2
2023-01-08,3
2023-01-08,4
2023-01-08,5
2023-01-08,6
2023-01-08,7
2023-01-08,8
2023-01-08,9
2023-01-08,10
2023-01-08,11
2023-01-08,12
2023-01-08,13
2023-01-08,14
2023-01-08,15
2023-01-08,16
2023-01-08,17
2023-01-08,18
2023-01-08,19
2023-01-08,20
2023-01-08,21
2023-01-08,22
2023-01-08,23
2023-01-08,24
2023-01-08,25
2023-01-08,26
2023-01-08,27
2023-01-08,28
2023-01-08,29
2023-01-08,30
2023-01-08,31
2023-01-08,32
2023-01-08,33
2023-01-08,34
2023-01-08,35
2023-01-08,36
2023-01-08,37
2023-01-08,38
2023-01-08,39
2023-01-08,40
2023-01-08,41
2023-01-08,42
2023-01-08,43
2023-01-08,44
2023-01-08,45
2023-01-08,46
2023-01-08,47
2023-01-08,48
2023-01-08,49
2023-01-08,50
2023-01-08,51
2023-01-08,52
2023-01-08,53
2023-01-08,54
2023-01-08,55
2023-01-08,56
2023-01-08,57
2023-01-08,58
2023-01-08,59
2023-01-08,60
2023-01-08,61
2023-01-08,62
2023-01-08,63
2023-01-08,64
2023-01-08,65
2023-01-08,66
2023-01-08,67
2023-01-08,68
2023-01-08,69
2023-01-08,70
2023-01-08,71
2023-01-08,72
2023-01-08,73
2023-01-08,74
2023-01-08,75
2023-01-08,76
2023-01-08,50
2023-01-08,78
2023-01-08,79
2023-01-08,80
2023-01-08,81
2023-01-08,82
2023-01-08,83
2023-01-08,84
2023-01-08,85
2023-01-08,86
2023-01-08,87
2023-01-08,88
2023-01-08,89
2023-01-08,50
2023-01-08,91
2023-01-08,92
2023-01-08,93
2023-01-08,94
2023-01-08,95
2023-01-08,96
2023-01-08,97
2023-01-08,98
2023-01-08,99
2023-01-08,100
2023-01-15,1
2023-01-15,2
2023-01-15,3
2023-01-15,4
2023-01-15,5
2023-01-15,6
2023-01-15,7
2023-01-15,8
2023-01-15,9
2023-01-15,10
2023-01-15,11
2023-01-15,12
2023-01-15,13
2023-01-15,14
2023-01-15,15
2023-01-15,16
2023-01-15,17
2023-01-15,18
2023-01-15,19
2023-01-15,20
2023-01-15,21
2023-01-15,22
2023-01-15,23
2023-01-15,24
2023-01-15,25
2023-01-15,26
2023-01-15,27
2023-01-15,28
2023-01-15,29
2023-01-15,30
2023-01-15,31
2023-01-15,32
2023-01-15,33
2023-01-15,34
2023-01-15,35
2023-01-15,36
2023-01-15,37
2023-01-15,38
2023-01-15,39
2023-01-15,40
2023-01-15,41
2023-01-15,42
2023-01-15,43
2023-01-15,44
2023-01-15,45
2023-01-15,46
2023-01-15,47
2023-01-15,48
2023-01-15,50
2023-01-15,50
2023-01-15,51
2023-01-15,52
2023-01-15,53
2023-01-15,54
2023-01-15,55
2023-01-15,56
2023-01-15,57
2023-01-15,58
2023-01-15,59
2023-01-15,60
2023-01-15,61
2023-01-15,62
2023-01-15,63
2023-01-15,64
2023-01-15,65
2023-01-15,66
2023-01-15,67
2023-01-15,68
2023-01-15,69
2023-01-15,70
2023-01-15,71
2023-01-15,72
2023-01-15,73
2023-01-15,74
2023-01-15,75
2023-01-15,76
2023-01-15,77
2023-01-15,78
2023-01-15,79
2023-01-15,80
2023-01-15,81
2023-01-15,50
2023-01-15,83
2023-01-15,84
2023-01-15,85
2023-01-15,86
2023-01-15,87
2023-01-15,88
2023-01-15,89
2023-01-15,90
2023-01-15,91
2023-01-15,92
2023-01-15,93
2023-01-15,94
2023-01-15,95
2023-01-15,96
2023-01-15,97
2023-01-15,98
2023-01-15,50
2023-01-15,100
2023-01-22,1
2023-01-22,2
2023-01-22,3
2023-01-22,4
2023-01-22,5
2023-01-22,6
2023-01-22,7
2023-01-22,8
2023-01-22,9
2023-01-22,10
2023-01-22,11
2023-01-22,12
2023-01-22,13
2023-01-22,14
2023-01-22,15
2023-01-22,16
2023-01-22,17
2023-01-22,18
2023-01-22,19
2023-01-22,20
2023-01-22,21
2023-01-22,22
2023-01-22,23
2023-01-22,24
2023-01-22,25
2023-01-22,26
2023-01-22,27
2023-01-22,28
2023-01-22,29
2023-01-22,30
2023-01-22,31
2023-01-22,32
2023-01-22,33
2023-01-22,34
2023-01-22,35
2023-01-22,36
2023-01-22,37
2023-01-22,38
2023-01-22,39
2023-01-22,40
2023-01-22,41
2023-01-22,50
2023-01-22,43
2023-01-22,44
2023-01-22,45
2023-01-22,46
2023-01-22,47
2023-01-22,48
2023-01-22,49
2023-01-22,50
2023-01-22,51
2023-01-22,52
2023-01-22,53
2023-01-22,54
2023-01-22,55
2023-01-22,56
2023-01-22,57
2023-01-22,58
2023-01-22,59
2023-01-22,60
2023-01-22,61
2023-01-22,62
2023-01-22,63
2023-01-22,64
2023-01-22,65
2023-01-22,66
2023-01-22,67
2023-01-22,68
2023-01-22,69
2023-01-22,70
2023-01-22,71
2023-01-22,72
2023-01-22,73
2023-01-22,74
2023-01-22,75
2023-01-22,76
2023-01-22,77
2023-01-22,78
2023-01-22,79
2023-01-22,80
2023-01-22,81
2023-01-22,50
2023-01-22,83
2023-01-22,84
2023-01-22,85
2023-01-22,86
2023-01-22,87
2023-01-22,88
2023-01-22,89
2023-01-22,90
2023-01-22,91
2023-01-22,92
2023-01-22,93
2023-01-22,94
2023-01-22,95
2023-01-22,96
2023-01-22,97
2023-01-22,98
2023-01-22,99
2023-01-22,100
2023-01-29,1
2023-01-29,2
2023-01-29,3
2023-01-29,4
2023-01-29,5
2023-01-29,6
2023-01-29,7
2023-01-29,8
2023-01-29,9
2023-01-29,10
2023-01-29,11
2023-01-29,12
2023-01-29,13
2023-01-29,14
2023-01-29,15
2023-01-29,16
2023-01-29,17
2023-01-29,18
2023-01-29,19
2023-01-29,20
2023-01-29,21
2023-01-29,22
2023-01-29,23
2023-01-29,24
2023-01-29,25
2023-01-29,26
2023-01-29,27
2023-01-29,28
2023-01-29,29
2023-01-29,30
2023-01-29,31
2023-01-29,32
2023-01-29,33
2023-01-29,34
2023-01-29,35
2023-01-29,36
2023-01-29,37
2023-01-29,38
2023-01-29,50
2023-01-29,40
2023-01-29,41
2023-01-29,42
2023-01-29,43
2023-01-29,44
2023-01-29,45
2023-01-29,46
2023-01-29,47
2023-01-29,48
2023-01-29,49
2023-01-29,50
2023-01-29,51
2023-01-29,52
2023-01-29,53
2023-01-29,54
2023-01-29,55
2023-01-29,56
2023-01-29,57
2023-01-29,58
2023-01-29,59
2023-01-29,60
2023-01-29,61
2023-01-29,62
2023-01-29,63
2023-01-29,64
2023-01-29,65
2023-01-29,66
2023-01-29,67
2023-01-29,68
2023-01-29,69
2023-01-29,70
2023-01-29,71
2023-01-29,72
2023-01-29,50
2023-01-29,74
2023-01-29,75
2023-01-29,76
2023-01-29,77
2023-01-29,78
2023-01-29,79
2023-01-29,80
2023-01-29,81
2023-01-29,82
2023-01-29,83
2023-01-29,84
2023-01-29,85
2023-01-29,86
2023-01-29,87
2023-01-29,88
2023-01-29,89
2023-01-29,90
2023-01-29,91
2023-01-29,92
2023-01-29,93
2023-01-29,94
2023-01-29,95
2023-01-29,96
2023-01-29,97
2023-01-29,98
2023-01-29,99
2023-01-29,100
2023-02-05,1
2023-02-05,2
2023-02-05,3
2023-02-05,4
2023-02-05,5
2023-02-05,6
2023-02-05,7
2023-02-05,8
2023-02-05,9
2023-02-05,10
2023-02-05,11
2023-02-05,12
2023-02-05,13
2023-02-05,14
2023-02-05,15
2023-02-05,16
2023-02-05,17
2023-02-05,18
2023-02-05,19
2023-02-05,20
2023-02-05,21
2023-02-05,22
2023-02-05,23
2023-02-05,24
2023-02-05,25
2023-02-05,26
2023-02-05,27
2023-02-05,28
2023-02-05,29
2023-02-05,30
2023-02-05,31
2023-02-05,32
2023-02-05,33
2023-02-05,34
2023-02-05,35
2023-02-05,50
2023-02-05,37
2023-02-05,38
2023-02-05,39
2023-02-05,40
2023-02-05,41
2023-02-05,42
2023-02-05,43
2023-02-05,44
2023-02-05,45
2023-02-05,46
2023-02-05,47
2023-02-05,48
2023-02-05,49
2023-02-05,50
2023-02-05,51
2023-02-05,52
2023-02-05,53
2023-02-05,50
2023-02-05,55
2023-02-05,56
2023-02-05,57
2023-02-05,58
2023-02-05,59
2023-02-05,60
2023-02-05,61
2023-02-05,62
2023-02-05,63
2023-02-05,64
2023-02-05,65
2023-02-05,66
2023-02-05,67
2023-02-05,68
2023-02-05,69
2023-02-05,70
2023-02-05,71
2023-02-05,72
2023-02-05,73
2023-02-05,74
2023-02-05,75
2023-02-05,76
2023-02-05,77
2023-02-05,78
2023-02-05,79
2023-02-05,80
2023-02-05,81
2023-02-05,82
2023-02-05,83
2023-02-05,84
2023-02-05,85
2023-02-05,86
2023-02-05,87
2023-02-05,88
2023-02-05,89
2023-02-05,90
2023-02-05,91
2023-02-05,92
2023-02-05,93
2023-02-05,94
2023-02-05,95
2023-02-05,96
2023-02-05,97
2023-02-05,98
2023-02-05,99
2023-02-05,100
2023-02-12,1
2023-02-12,2
2023-02-12,3
2023-02-12,4
2023-02-12,5
2023-02-12,6
2023-02-12,7
2023-02-12,8
2023-02-12,9
2023-02-12,10
2023-02-12,11
2023-02-12,12
2023-02-12,13
2023-02-12,14
2023-02-12,15
2023-02-12,16
2023-02-12,17
2023-02-12,18
2023-02-12,19
2023-02-12,20
2023-02-12,21
2023-02-12,22
2023-02-12,23
2023-02-12,24
2023-02-12,25
2023-02-12,26
2023-02-12,27
2023-02-12,28
2023-02-12,29
2023-02-12,50
2023-02-12,31
2023-02-12,32
2023-02-12,33
2023-02-12,34
2023-02-12,35
2023-02-12,36
2023-02-12,37
2023-02-12,38
2023-02-12,39
2023-02-12,40
2023-02-12,41
2023-02-12,42
2023-02-12,43
2023-02-12,44
2023-02-12,45
2023-02-12,46
2023-02-12,50
2023-02-12,48
2023-02-12,49
2023-02-12,50
2023-02-12,51
2023-02-12,52
2023-02-12,53
2023-02-12,54
2023-02-12,55
2023-02-12,56
2023-02-12,57
2023-02-12,58
2023-02-12,59
2023-02-12,60
2023-02-12,61
2023-02-12,62
2023-02-12,63
2023-02-12,64
2023-02-12,65
2023-02-12,66
2023-02-12,67
2023-02-12,68
2023-02-12,69
2023-02-12,70
2023-02-12,71
2023-02-12,72
2023-02-12,73
2023-02-12,74
2023-02-12,75
2023-02-12,76
2023-02-12,77
2023-02-12,78
2023-02-12,79
2023-02-12,80
2023-02-12,81
2023-02-12,82
2023-02-12,83
2023-02-12,84
2023-02-12,85
2023-02-12,86
2023-02-12,87
2023-02-12,88
2023-02-12,89
2023-02-12,90
2023-02-12,91
2023-02-12,92
2023-02-12,93
2023-02-12,94
2023-02-12,95
2023-02-12,96
2023-02-12,97
2023-02-12,98
2023-02-12,99
2023-02-12,100
2023-02-19,1
2023-02-19,2
2023-02-19,3
2023-02-19,4
2023-02-19,5
2023-02-19,6
2023-02-19,7
2023-02-19,8
2023-02-19,9
2023-02-19,10
2023-02-19,11
2023-02-19,12
2023-02-19,13
2023-02-19,14
2023-02-19,15
2023-02-19,16
2023-02-19,17
2023-02-19,18
2023-02-19,19
2023-02-19,20
2023-02-19,21
2023-02-19,22
2023-02-19,23
2023-02-19,24
2023-02-19,25
2023-02-19,26
2023-02-19,27
2023-02-19,28
2023-02-19,29
2023-02-19,30
2023-02-19,50
2023-02-19,32
2023-02-19,33
2023-02-19,34
2023-02-19,35
2023-02-19,36
2023-02-19,37
2023-02-19,38
2023-02-19,39
2023-02-19,40
2023-02-19,41
2023-02-19,42
2023-02-19,43
2023-02-19,44
2023-02-19,45
2023-02-19,46
2023-02-19,47
2023-02-19,48
2023-02-19,49
2023-02-19,50
2023-02-19,51
2023-02-19,52
2023-02-19,53
2023-02-19,54
2023-02-19,55
2023-02-19,56
2023-02-19,57
2023-02-19,58
2023-02-19,50
2023-02-19,60
2023-02-19,61
2023-02-19,62
2023-02-19,63
2023-02-19,64
2023-02-19,65
2023-02-19,66
2023-02-19,67
2023-02-19,68
2023-02-19,69
2023-02-19,70
2023-02-19,71
2023-02-19,72
2023-02-19,73
2023-02-19,74
2023-02-19,75
2023-02-19,76
2023-02-19,77
2023-02-19,78
2023-02-19,79
2023-02-19,80
2023-02-19,81
2023-02-19,82
2023-02-19,83
2023-02-19,84
2023-02-19,85
2023-02-19,86
2023-02-19,87
2023-02-19,88
2023-02-19,89
2023-02-19,90
2023-02-19,91
2023-02-19,92
2023-02-19,93
2023-02-19,94
2023-02-19,95
2023-02-19,96
2023-02-19,97
2023-02-19,98
2023-02-19,99
2023-02-19,100
2023-02-26,1
2023-02-26,2
2023-02-26,3
2023-02-26,4
2023-02-26,5
2023-02-26,6
2023-02-26,7
2023-02-26,8
2023-02-26,9
2023-02-26,10
2023-02-26,11
2023-02-26,12
2023-02-26,13
2023-02-26,14
2023-02-26,15
2023-02-26,16
2023-02-26,17
2023-02-26,18
2023-02-26,19
2023-02-26,20
2023-02-26,21
2023-02-26,22
2023-02-26,23
2023-02-26,24
2023-02-26,25
2023-02-26,26
2023-02-26,27
2023-02-26,50
2023-02-26,29
2023-02-26,30
2023-02-26,31
2023-02-26,32
2023-02-26,33
2023-02-26,34
2023-02-26,35
2023-02-26,36
2023-02-26,37
2023-02-26,38
2023-02-26,39
2023-02-26,40
2023-02-26,41
2023-02-26,42
2023-02-26,43
2023-02-26,44
2023-02-26,45
2023-02-26,46
2023-02-26,47
2023-02-26,48
2023-02-26,49
2023-02-26,50
2023-02-26,51
2023-02-26,52
2023-02-26,53
2023-02-26,54
2023-02-26,55
2023-02-26,56
2023-02-26,57
2023-02-26,58
2023-02-26,59
2023-02-26,50
2023-02-26,61
2023-02-26,62
2023-02-26,63
2023-02-26,64
2023-02-26,65
2023-02-26,66
2023-02-26,67
2023-02-26,68
2023-02-26,69
2023-02-26,70
2023-02-26,71
2023-02-26,72
2023-02-26,73
2023-02-26,74
2023-02-26,75
2023-02-26,76
2023-02-26,77
2023-02-26,78
2023-02-26,79
2023-02-26,80
2023-02-26,81
2023-02-26,82
2023-02-26,83
2023-02-26,84
2023-02-26,85
2023-02-26,86
2023-02-26,87
2023-02-26,88
2023-02-26,89
2023-02-26,90
2023-02-26,91
2023-02-26,92
2023-02-26,93
2023-02-26,94
2023-02-26,95
2023-02-26,96
2023-02-26,97
2023-02-26,98
2023-02-26,99
2023-02-26,100
2023-03-05,1
2023-03-05,2
2023-03-05,3
2023-03-05,4
2023-03-05,5
2023-03-05,6
2023-03-05,7
2023-03-05,8
2023-03-05,9
2023-03-05,10
2023-03-05,11
2023-03-05,12
2023-03-05,13
2023-03-05,14
2023-03-05,15
2023-03-05,16
2023-03-05,17
2023-03-05,18
2023-03-05,19
2023-03-05,20
2023-03-05,21
2023-03-05,22
2023-03-05,23
2023-03-05,24
2023-03-05,25
2023-03-05,26
2023-03-05,27
2023-03-05,50
2023-03-05,29
2023-03-05,30
2023-03-05,31
2023-03-05,32
2023-03-05,33
2023-03-05,34
2023-03-05,35
2023-03-05,36
2023-03-05,37
2023-03-05,38
2023-03-05,39
2023-03-05,40
2023-03-05,41
2023-03-05,42
2023-03-05,43
2023-03-05,44
2023-03-05,45
2023-03-05,46
2023-03-05,47
2023-03-05,48
2023-03-05,49
2023-03-05,50
2023-03-05,50
2023-03-05,52
2023-03-05,53
2023-03-05,54
2023-03-05,55
2023-03-05,56
2023-03-05,57
2023-03-05,58
2023-03-05,59
2023-03-05,60
2023-03-05,61
2023-03-05,62
2023-03-05,63
2023-03-05,64
2023-03-05,65
2023-03-05,66
2023-03-05,67
2023-03-05,68
2023-03-05,69
2023-03-05,70
2023-03-05,71
2023-03-05,72
2023-03-05,73
2023-03-05,74
2023-03-05,75
2023-03-05,76
2023-03-05,77
2023-03-05,78
2023-03-05,79
2023-03-05,80
2023-03-05,81
2023-03-05,82
2023-03-05,83
2023-03-05,84
2023-03-05,85
2023-03-05,86
2023-03-05,87
2023-03-05,88
2023-03-05,89
2023-03-05,90
2023-03-05,91
2023-03-05,92
2023-03-05,93
2023-03-05,94
2023-03-05,95
2023-03-05,96
2023-03-05,97
2023-03-05,98
2023-03-05,99
2023-03-05,100
2023-03-12,1
2023-03-12,2
2023-03-12,3
2023-03-12,4
2023-03-12,5
2023-03-12,6
2023-03-12,7
2023-03-12,8
2023-03-12,9
2023-03-12,50
2023-03-12,11
2023-03-12,12
2023-03-12,13
2023-03-12,14
2023-03-12,15
2023-03-12,16
2023-03-12,17
2023-03-12,18
2023-03-12,19
2023-03-12,20
2023-03-12,21
2023-03-12,22
2023-03-12,23
2023-03-12,24
2023-03-12,25
2023-03-12,26
2023-03-12,27
2023-03-12,28
2023-03-12,29
2023-03-12,30
2023-03-12,31
2023-03-12,32
2023-03-12,33
2023-03-12,34
2023-03-12,35
2023-03-12,36
2023-03-12,50
2023-03-12,38
2023-03-12,39
2023-03-12,40
2023-03-12,41
2023-03-12,42
2023-03-12,43
2023-03-12,44
2023-03-12,45
2023-03-12,46
2023-03-12,47
2023-03-12,48
2023-03-12,49
2023-03-12,50
2023-03-12,51
2023-03-12,52
2023-03-12,53
2023-03-12,54
2023-03-12,55
2023-03-12,56
2023-03-12,57
2023-03-12,58
2023-03-12,59
2023-03-12,60
2023-03-12,61
2023-03-12,62
2023-03-12,63
2023-03-12,64
2023-03-12,65
2023-03-12,66
2023-03-12,67
2023-03-12,68
2023-03-12,69
2023-03-12,70
2023-03-12,71
2023-03-12,72
2023-03-12,73
2023-03-12,74
2023-03-12,75
2023-03-12,76
2023-03-12,77
2023-03-12,78
2023-03-12,79
2023-03-12,80
2023-03-12,81
2023-03-12,82
2023-03-12,83
2023-03-12,84
2023-03-12,85
2023-03-12,86
2023-03-12,87
2023-03-12,88
2023-03-12,89
2023-03-12,90
2023-03-12,91
2023-03-12,92
2023-03-12,93
2023-03-12,94
2023-03-12,95
2023-03-12,96
2023-03-12,97
2023-03-12,98
2023-03-12,99
2023-03-12,100
2023-03-19,1
2023-03-19,2
2023-03-19,3
2023-03-19,4
2023-03-19,5
2023-03-19,6
2023-03-19,7
2023-03-19,8
2023-03-19,9
2023-03-19,10
2023-03-19,11
2023-03-19,12
2023-03-19,13
2023-03-19,14
2023-03-19,15
2023-03-19,16
2023-03-19,17
2023-03-19,18
2023-03-19,19
2023-03-19,50
2023-03-19,21
2023-03-19,22
2023-03-19,23
2023-03-19,50
2023-03-19,25
2023-03-19,26
2023-03-19,27
2023-03-19,28
2023-03-19,29
2023-03-19,30
2023-03-19,31
2023-03-19,32
2023-03-19,33
2023-03-19,34
2023-03-19,35
2023-03-19,36
2023-03-19,37
2023-03-19,38
2023-03-19,39
2023-03-19,40
2023-03-19,41
2023-03-19,42
2023-03-19,43
2023-03-19,44
2023-03-19,45
2023-03-19,46
2023-03-19,47
2023-03-19,48
2023-03-19,49
2023-03-19,50
2023-03-19,51
2023-03-19,52
2023-03-19,53
2023-03-19,54
2023-03-19,55
2023-03-19,56
2023-03-19,57
2023-03-19,58
2023-03-19,59
2023-03-19,60
2023-03-19,61
2023-03-19,62
2023-03-19,63
2023-03-19,64
2023-03-19,65
2023-03-19,66
2023-03-19,67
2023-03-19,68
2023-03-19,69
2023-03-19,70
2023-03-19,71
2023-03-19,72
2023-03-19,73
2023-03-19,74
2023-03-19,75
2023-03-19,76
2023-03-19,77
2023-03-19,78
2023-03-19,79
2023-03-19,80
2023-03-19,81
2023-03-19,82
2023-03-19,83
2023-03-19,84
2023-03-19,85
2023-03-19,86
2023-03-19,87
2023-03-19,88
2023-03-19,89
2023-03-19,90
2023-03-19,91
2023-03-19,92
2023-03-19,93
2023-03-19,94
2023-03-19,95
2023-03-19,96
2023-03-19,97
2023-03-19,98
2023-03-19,99
2023-03-19,100
2023-03-26,1
2023-03-26,2
2023-03-26,3
2023-03-26,4
2023-03-26,5
2023-03-26,6
2023-03-26,7
2023-03-26,8
2023-03-26,9
2023-03-26,10
2023-03-26,11
2023-03-26,12
2023-03-26,13
2023-03-26,14
2023-03-26,15
2023-03-26,16
2023-03-26,17
2023-03-26,18
2023-03-26,19
2023-03-26,20
2023-03-26,21
2023-03-26,22
2023-03-26,50
2023-03-26,24
2023-03-26,50
2023-03-26,26
2023-03-26,27
2023-03-26,28
2023-03-26,29
2023-03-26,30
2023-03-26,31
2023-03-26,32
2023-03-26,33
2023-03-26,34
2023-03-26,35
2023-03-26,36
2023-03-26,37
2023-03-26,38
2023-03-26,39
2023-03-26,40
2023-03-26,41
2023-03-26,42
2023-03-26,43
2023-03-26,44
2023-03-26,45
2023-03-26,46
2023-03-26,47
2023-03-26,48
2023-03-26,49
2023-03-26,50
2023-03-26,51
2023-03-26,52
2023-03-26,53
2023-03-26,54
2023-03-26,55
2023-03-26,56
2023-03-26,57
2023-03-26,58
2023-03-26,59
2023-03-26,60
2023-03-26,61
2023-03-26,62
2023-03-26,63
2023-03-26,64
2023-03-26,65
2023-03-26,66
2023-03-26,67
2023-03-26,68
2023-03-26,69
2023-03-26,70
2023-03-26,71
2023-03-26,72
2023-03-26,73
2023-03-26,74
2023-03-26,75
2023-03-26,76
2023-03-26,77
2023-03-26,78
2023-03-26,79
2023-03-26,80
2023-03-26,81
2023-03-26,82
2023-03-26,83
2023-03-26,84
2023-03-26,85
2023-03-26,86
2023-03-26,87
2023-03-26,88
2023-03-26,89
2023-03-26,90
2023-03-26,91
2023-03-26,92
2023-03-26,93
2023-03-26,94
2023-03-26,95
2023-03-26,96
2023-03-26,97
2023-03-26,98
2023-03-26,99
2023-03-26,100
2023-04-02,1
2023-04-02,2
2023-04-02,3
2023-04-02,4
2023-04-02,5
2023-04-02,6
2023-04-02,7
2023-04-02,8
2023-04-02,9
2023-04-02,10
2023-04-02,11
2023-04-02,12
2023-04-02,13
2023-04-02,14
2023-04-02,15
2023-04-02,16
2023-04-02,17
2023-04-02,50
2023-04-02,19
2023-04-02,20
2023-04-02,21
2023-04-02,22
2023-04-02,23
2023-04-02,24
2023-04-02,50
2023-04-02,26
2023-04-02,27
2023-04-02,28
2023-04-02,29
2023-04-02,30
2023-04-02,31
2023-04-02,32
2023-04-02,33
2023-04-02,34
2023-04-02,35
2023-04-02,36
2023-04-02,37
2023-04-02,38
2023-04-02,39
2023-04-02,40
2023-04-02,41
2023-04-02,42
2023-04-02,43
2023-04-02,44
2023-04-02,45
2023-04-02,46
2023-04-02,47
2023-04-02,48
2023-04-02,49
2023-04-02,50
2023-04-02,51
2023-04-02,52
2023-04-02,53
2023-04-02,54
2023-04-02,55
2023-04-02,56
2023-04-02,57
2023-04-02,58
2023-04-02,59
2023-04-02,60
2023-04-02,61
2023-04-02,62
2023-04-02,63
2023-04-02,64
2023-04-02,65
2023-04-02,66
2023-04-02,67
2023-04-02,68
2023-04-02,69
2023-04-02,70
2023-04-02,71
2023-04-02,72
2023-04-02,73
2023-04-02,74
2023-04-02,75
2023-04-02,76
2023-04-02,77
2023-04-02,78
2023-04-02,79
2023-04-02,80
2023-04-02,81
2023-04-02,82
2023-04-02,83
2023-04-02,84
2023-04-02,85
2023-04-02,86
2023-04-02,87
2023-04-02,88
2023-04-02,89
2023-04-02,90
2023-04-02,91
2023-04-02,92
2023-04-02,93
2023-04-02,94
2023-04-02,95
2023-04-02,96
2023-04-02,97
2023-04-02,98
2023-04-02,99
2023-04-02,100
2023-04-09,1
2023-04-09,2
2023-04-09,3
2023-04-09,4
2023-04-09,5
2023-04-09,6
2023-04-09,7
2023-04-09,8
2023-04-09,9
2023-04-09,10
2023-04-09,11
2023-04-09,12
2023-04-09,13
2023-04-09,14
2023-04-09,50
2023-04-09,16
2023-04-09,17
2023-04-09,18
2023-04-09,19
2023-04-09,20
2023-04-09,21
2023-04-09,22
2023-04-09,23
2023-04-09,50
2023-04-09,25
2023-04-09,26
2023-04-09,27
2023-04-09,28
2023-04-09,29
2023-04-09,30
2023-04-09,31
2023-04-09,32
2023-04-09,33
2023-04-09,34
2023-04-09,35
2023-04-09,36
2023-04-09,37
2023-04-09,38
2023-04-09,39
2023-04-09,40
2023-04-09,41
2023-04-09,42
2023-04-09,43
2023-04-09,44
2023-04-09,45
2023-04-09,46
2023-04-09,47
2023-04-09,48
2023-04-09,49
2023-04-09,50
2023-04-09,51
2023-04-09,52
2023-04-09,53
2023-04-09,54
2023-04-09,55
2023-04-09,56
2023-04-09,57
2023-04-09,58
2023-04-09,59
2023-04-09,60
2023-04-09,61
2023-04-09,62
2023-04-09,63
2023-04-09,64
2023-04-09,65
2023-04-09,66
2023-04-09,67
2023-04-09,68
2023-04-09,69
2023-04-09,70
2023-04-09,71
2023-04-09,72
2023-04-09,73
2023-04-09,74
2023-04-09,75
2023-04-09,76
2023-04-09,77
2023-04-09,78
2023-04-09,79
2023-04-09,80
2023-04-09,81
2023-04-09,82
2023-04-09,83
2023-04-09,84
2023-04-09,85
2023-04-09,86
2023-04-09,87
2023-04-09,88
2023-04-09,89
2023-04-09,90
2023-04-09,91
2023-04-09,92
2023-04-09,93
2023-04-09,94
2023-04-09,95
2023-04-09,96
2023-04-09,97
2023-04-09,98
2023-04-09,99
2023-04-09,100
2023-04-16,1
2023-04-16,2
2023-04-16,3
2023-04-16,4
2023-04-16,5
2023-04-16,6
2023-04-16,7
2023-04-16,8
2023-04-16,9
2023-04-16,10
2023-04-16,11
2023-04-16,12
2023-04-16,13
2023-04-16,14
2023-04-16,50
2023-04-16,16
2023-04-16,17
2023-04-16,18
2023-04-16,19
2023-04-16,20
2023-04-16,21
2023-04-16,50
2023-04-16,23
2023-04-16,24
2023-04-16,25
2023-04-16,26
2023-04-16,27
2023-04-16,28
2023-04-16,29
2023-04-16,30
2023-04-16,31
2023-04-16,32
2023-04-16,33
2023-04-16,34
2023-04-16,35
2023-04-16,36
2023-04-16,37
2023-04-16,38
2023-04-16,39
2023-04-16,40
2023-04-16,41
2023-04-16,42
2023-04-16,43
2023-04-16,44
2023-04-16,45
2023-04-16,46
2023-04-16,47
2023-04-16,48
2023-04-16,49
2023-04-16,50
2023-04-16,51
2023-04-16,52
2023-04-16,53
2023-04-16,54
2023-04-16,55
2023-04-16,56
2023-04-16,57
2023-04-16,58
2023-04-16,59
2023-04-16,60
2023-04-16,61
2023-04-16,62
2023-04-16,63
2023-04-16,64
2023-04-16,65
2023-04-16,66
2023-04-16,67
2023-04-16,68
2023-04-16,69
2023-04-16,70
2023-04-16,71
2023-04-16,72
2023-04-16,73
2023-04-16,74
2023-04-16,75
2023-04-16,76
2023-04-16,77
2023-04-16,78
2023-04-16,79
2023-04-16,80
2023-04-16,81
2023-04-16,82
2023-04-16,83
2023-04-16,84
2023-04-16,85
2023-04-16,86
2023-04-16,87
2023-04-16,88
2023-04-16,89
2023-04-16,90
2023-04-16,91
2023-04-16,92
2023-04-16,93
2023-04-16,94
2023-04-16,95
2023-04-16,96
2023-04-16,97
2023-04-16,98
2023-04-16,99
2023-04-16,100
2023-04-23,1
2023-04-23,2
2023-04-23,3
2023-04-23,4
2023-04-23,5
2023-04-23,6
2023-04-23,7
2023-04-23,8
2023-04-23,9
2023-04-23,10
2023-04-23,11
2023-04-23,12
2023-04-23,13
2023-04-23,14
2023-04-23,15
2023-04-23,16
2023-04-23,17
2023-04-23,18
2023-04-23,19
2023-04-23,50
2023-04-23,21
2023-04-23,22
2023-04-23,23
2023-04-23,50
2023-04-23,25
2023-04-23,26
2023-04-23,27
2023-04-23,28
2023-04-23,29
2023-04-23,30
2023-04-23,31
2023-04-23,32
2023-04-23,33
2023-04-23,34
2023-04-23,35
2023-04-23,36
2023-04-23,37
2023-04-23,38
2023-04-23,39
2023-04-23,40
2023-04-23,41
2023-04-23,42
2023-04-23,43
2023-04-23,44
2023-04-23,45
2023-04-23,46
2023-04-23,47
2023-04-23,48
2023-04-23,49
2023-04-23,50
2023-04-23,51
2023-04-23,52
2023-04-23,53
2023-04-23,54
2023-04-23,55
2023-04-23,56
2023-04-23,57
2023-04-23,58
2023-04-23,59
2023-04-23,60
2023-04-23,61
2023-04-23,62
2023-04-23,63
2023-04-23,64
2023-04-23,65
2023-04-23,66
2023-04-23,67
2023-04-23,68
2023-04-23,69
2023-04-23,70
2023-04-23,71
2023-04-23,72
2023-04-23,73
2023-04-23,74
2023-04-23,75
2023-04-23,76
2023-04-23,77
2023-04-23,78
2023-04-23,79
2023-04-23,80
2023-04-23,81
2023-04-23,82
2023-04-23,83
2023-04-23,84
2023-04-23,85
2023-04-23,86
2023-04-23,87
2023-04-23,88
2023-04-23,89
2023-04-23,90
2023-04-23,91
2023-04-23,92
2023-04-23,93
2023-04-23,94
2023-04-23,95
2023-04-23,96
2023-04-23,97
2023-04-23,98
2023-04-23,99
2023-04-23,100
2023-04-30,1
2023-04-30,2
2023-04-30,3
2023-04-30,4
2023-04-30,5
2023-04-30,6
2023-04-30,7
2023-04-30,8
2023-04-30,9
2023-04-30,10
2023-04-30,11
2023-04-30,12
2023-04-30,13
2023-04-30,14
2023-04-30,50
2023-04-30,16
2023-04-30,17
2023-04-30,18
2023-04-30,19
2023-04-30,20
2023-04-30,21
2023-04-30,50
2023-04-30,23
2023-04-30,24
2023-04-30,25
2023-04-30,26
2023-04-30,27
2023-04-30,28
2023-04-30,29
2023-04-30,30
2023-04-30,31
2023-04-30,32
2023-04-30,33
2023-04-30,34
2023-04-30,35
2023-04-30,36
2023-04-30,37
2023-04-30,38
2023-04-30,39
2023-04-30,40
2023-04-30,41
2023-04-30,42
2023-04-30,43
2023-04-30,44
2023-04-30,45
2023-04-30,46
2023-04-30,47
2023-04-30,48
2023-04-30,49
2023-04-30,50
2023-04-30,51
2023-04-30,52
2023-04-30,53
2023-04-30,54
2023-04-30,55
2023-04-30,56
2023-04-30,57
2023-04-30,58
2023-04-30,59
2023-04-30,60
2023-04-30,61
2023-04-30,62
2023-04-30,63
2023-04-30,64
2023-04-30,65
2023-04-30,66
2023-04-30,67
2023-04-30,68
2023-04-30,69
2023-04-30,70
2023-04-30,71
2023-04-30,72
2023-04-30,73
2023-04-30,74
2023-04-30,75
2023-04-30,76
2023-04-30,77
2023-04-30,78
2023-04-30,79
2023-04-30,80
2023-04-30,81
2023-04-30,82
2023-04-30,83
2023-04-30,84
2023-04-30,85
2023-04-30,86
2023-04-30,87
2023-04-30,88
2023-04-30,89
2023-04-30,90
2023-04-30,91
2023-04-30,92
2023-04-30,93
2023-04-30,94
2023-04-30,95
2023-04-30,96
2023-04-30,97
2023-04-30,98
2023-04-30,99
2023-04-30,100
2023-05-07,1
2023-05-07,2
2023-05-07,3
2023-05-07,4
2023-05-07,5
2023-05-07,6
2023-05-07,7
2023-05-07,8
2023-05-07,9
2023-05-07,10
2023-05-07,11
2023-05-07,12
2023-05-07,13
2023-05-07,14
2023-05-07,50
2023-05-07,16
2023-05-07,17
2023-05-07,18
2023-05-07,19
2023-05-07,20
2023-05-07,21
2023-05-07,22
2023-05-07,23
2023-05-07,24
2023-05-07,50
2023-05-07,26
2023-05-07,27
2023-05-07,28
2023-05-07,29
2023-05-07,30
2023-05-07,31
2023-05-07,32
2023-05-07,33
2023-05-07,34
2023-05-07,35
2023-05-07,36
2023-05-07,37
2023-05-07,38
2023-05-07,39
2023-05-07,40
2023-05-07,41
2023-05-07,42
2023-05-07,43
2023-05-07,44
2023-05-07,45
2023-05-07,46
2023-05-07,47
2023-05-07,48
2023-05-07,49
2023-05-07,50
2023-05-07,51
2023-05-07,52
2023-05-07,53
2023-05-07,54
2023-05-07,55
2023-05-07,56
2023-05-07,57
2023-05-07,58
2023-05-07,59
2023-05-07,60
2023-05-07,61
2023-05-07,62
2023-05-07,63
2023-05-07,64
2023-05-07,65
2023-05-07,66
2023-05-07,67
2023-05-07,68
2023-05-07,69
2023-05-07,70
2023-05-07,71
2023-05-07,72
2023-05-07,73
2023-05-07,74
2023-05-07,75
2023-05-07,76
2023-05-07,77
2023-05-07,78
2023-05-07,79
2023-05-07,80
2023-05-07,81
2023-05-07,82
2023-05-07,83
2023-05-07,84
2023-05-07,85
2023-05-07,86
2023-05-07,87
2023-05-07,88
2023-05-07,89
2023-05-07,90
2023-05-07,91
2023-05-07,92
2023-05-07,93
2023-05-07,94
2023-05-07,95
2023-05-07,96
2023-05-07,97
2023-05-07,98
2023-05-07,99
2023-05-07,100
2023-05-14,1
2023-05-14,2
2023-05-14,3
2023-05-14,4
2023-05-14,5
2023-05-14,6
2023-05-14,7
2023-05-14,8
2023-05-14,9
2023-05-14,10
2023-05-14,11
2023-05-14,12
2023-05-14,13
2023-05-14,50
2023-05-14,15
2023-05-14,16
2023-05-14,17
2023-05-14,18
2023-05-14,19
2023-05-14,20
2023-05-14,21
2023-05-14,22
2023-05-14,23
2023-05-14,24
2023-05-14,25
2023-05-14,26
2023-05-14,50
2023-05-14,28
2023-05-14,29
2023-05-14,30
2023-05-14,31
2023-05-14,32
2023-05-14,33
2023-05-14,34
2023-05-14,35
2023-05-14,36
2023-05-14,37
2023-05-14,38
2023-05-14,39
2023-05-14,40
2023-05-14,41
2023-05-14,42
2023-05-14,43
2023-05-14,44
2023-05-14,45
2023-05-14,46
2023-05-14,47
2023-05-14,48
2023-05-14,49
2023-05-14,50
2023-05-14,51
2023-05-14,52
2023-05-14,53
2023-05-14,54
2023-05-14,55
2023-05-14,56
2023-05-14,57
2023-05-14,58
2023-05-14,50
2023-05-14,60
2023-05-14,61
2023-05-14,62
2023-05-14,63
2023-05-14,64
2023-05-14,65
2023-05-14,66
2023-05-14,67
2023-05-14,68
2023-05-14,69
2023-05-14,70
2023-05-14,71
2023-05-14,72
2023-05-14,73
2023-05-14,74
2023-05-14,75
2023-05-14,76
2023-05-14,77
2023-05-14,78
2023-05-14,79
2023-05-14,80
2023-05-14,81
2023-05-14,82
2023-05-14,83
2023-05-14,84
2023-05-14,85
2023-05-14,86
2023-05-14,87
2023-05-14,88
2023-05-14,89
2023-05-14,90
2023-05-14,91
2023-05-14,92
2023-05-14,93
2023-05-14,94
2023-05-14,95
2023-05-14,96
2023-05-14,97
2023-05-14,98
2023-05-14,99
2023-05-14,100
2023-05-21,1
2023-05-21,2
2023-05-21,3
2023-05-21,4
2023-05-21,5
2023-05-21,6
2023-05-21,7
2023-05-21,8
2023-05-21,9
2023-05-21,10
2023-05-21,11
2023-05-21,12
2023-05-21,13
2023-05-21,50
2023-05-21,15
2023-05-21,16
2023-05-21,17
2023-05-21,18
2023-05-21,19
2023-05-21,20
2023-05-21,21
2023-05-21,22
2023-05-21,23
2023-05-21,24
2023-05-21,25
2023-05-21,26
2023-05-21,27
2023-05-21,28
2023-05-21,29
2023-05-21,50
2023-05-21,31
2023-05-21,32
2023-05-21,33
2023-05-21,34
2023-05-21,35
2023-05-21,36
2023-05-21,37
2023-05-21,38
2023-05-21,39
2023-05-21,40
2023-05-21,41
2023-05-21,42
2023-05-21,43
2023-05-21,44
2023-05-21,45
2023-05-21,46
2023-05-21,47
2023-05-21,48
2023-05-21,49
2023-05-21,50
2023-05-21,51
2023-05-21,52
2023-05-21,53
2023-05-21,54
2023-05-21,55
2023-05-21,56
2023-05-21,57
2023-05-21,58
2023-05-21,59
2023-05-21,60
2023-05-21,61
2023-05-21,62
2023-05-21,63
2023-05-21,64
2023-05-21,65
2023-05-21,66
2023-05-21,67
2023-05-21,68
2023-05-21,69
2023-05-21,70
2023-05-21,71
2023-05-21,72
2023-05-21,73
2023-05-21,74
2023-05-21,75
2023-05-21,76
2023-05-21,77
2023-05-21,78
2023-05-21,79
2023-05-21,80
2023-05-21,50
2023-05-21,82
2023-05-21,83
2023-05-21,50
2023-05-21,85
2023-05-21,86
2023-05-21,87
2023-05-21,88
2023-05-21,89
2023-05-21,90
2023-05-21,91
2023-05-21,92
2023-05-21,93
2023-05-21,94
2023-05-21,95
2023-05-21,96
2023-05-21,97
2023-05-21,98
2023-05-21,99
2023-05-21,100
2023-05-28,1
2023-05-28,2
2023-05-28,3
2023-05-28,4
2023-05-28,5
2023-05-28,6
2023-05-28,7
2023-05-28,8
2023-05-28,9
2023-05-28,10
2023-05-28,11
2023-05-28,12
2023-05-28,50
2023-05-28,14
2023-05-28,15
2023-05-28,16
2023-05-28,17
2023-05-28,18
2023-05-28,19
2023-05-28,20
2023-05-28,21
2023-05-28,22
2023-05-28,23
2023-05-28,24
2023-05-28,25
2023-05-28,50
2023-05-28,27
2023-05-28,28
2023-05-28,29
2023-05-28,30
2023-05-28,31
2023-05-28,32
2023-05-28,33
2023-05-28,34
2023-05-28,35
2023-05-28,36
2023-05-28,37
2023-05-28,38
2023-05-28,39
2023-05-28,40
2023-05-28,41
2023-05-28,42
2023-05-28,43
2023-05-28,44
2023-05-28,45
2023-05-28,46
2023-05-28,47
2023-05-28,48
2023-05-28,49
2023-05-28,50
2023-05-28,51
2023-05-28,52
2023-05-28,53
2023-05-28,54
2023-05-28,55
2023-05-28,56
2023-05-28,57
2023-05-28,58
2023-05-28,59
2023-05-28,60
2023-05-28,61
2023-05-28,62
2023-05-28,63
2023-05-28,64
2023-05-28,50
2023-05-28,66
2023-05-28,67
2023-05-28,68
2023-05-28,69
2023-05-28,70
2023-05-28,71
2023-05-28,72
2023-05-28,73
2023-05-28,74
2023-05-28,75
2023-05-28,50
2023-05-28,77
2023-05-28,78
2023-05-28,79
2023-05-28,80
2023-05-28,81
2023-05-28,82
2023-05-28,83
2023-05-28,84
2023-05-28,85
2023-05-28,86
2023-05-28,87
2023-05-28,88
2023-05-28,89
2023-05-28,90
2023-05-28,91
2023-05-28,92
2023-05-28,93
2023-05-28,94
2023-05-28,95
2023-05-28,96
2023-05-28,97
2023-05-28,98
2023-05-28,99
2023-05-28,100
2023-06-04,1
2023-06-04,2
2023-06-04,3
2023-06-04,4
2023-06-04,5
2023-06-04,6
2023-06-04,7
2023-06-04,8
2023-06-04,9
2023-06-04,10
2023-06-04,11
2023-06-04,12
2023-06-04,50
2023-06-04,14
2023-06-04,15
2023-06-04,16
2023-06-04,17
2023-06-04,18
2023-06-04,19
2023-06-04,20
2023-06-04,21
2023-06-04,22
2023-06-04,23
2023-06-04,24
2023-06-04,25
2023-06-04,26
2023-06-04,27
2023-06-04,28
2023-06-04,29
2023-06-04,30
2023-06-04,31
2023-06-04,50
2023-06-04,33
2023-06-04,34
2023-06-04,35
2023-06-04,36
2023-06-04,37
2023-06-04,38
2023-06-04,39
2023-06-04,40
2023-06-04,41
2023-06-04,42
2023-06-04,43
2023-06-04,44
2023-06-04,45
2023-06-04,46
2023-06-04,47
2023-06-04,48
2023-06-04,49
2023-06-04,50
2023-06-04,51
2023-06-04,52
2023-06-04,53
2023-06-04,54
2023-06-04,55
2023-06-04,56
2023-06-04,57
2023-06-04,58
2023-06-04,59
2023-06-04,60
2023-06-04,61
2023-06-04,62
2023-06-04,63
2023-06-04,64
2023-06-04,65
2023-06-04,66
2023-06-04,67
2023-06-04,68
2023-06-04,69
2023-06-04,70
2023-06-04,71
2023-06-04,72
2023-06-04,73
2023-06-04,74
2023-06-04,75
2023-06-04,76
2023-06-04,77
2023-06-04,78
2023-06-04,79
2023-06-04,80
2023-06-04,81
2023-06-04,82
2023-06-04,83
2023-06-04,84
2023-06-04,85
2023-06-04,86
2023-06-04,87
2023-06-04,88
2023-06-04,89
2023-06-04,90
2023-06-04,91
2023-06-04,92
2023-06-04,93
2023-06-04,94
2023-06-04,95
2023-06-04,96
2023-06-04,97
2023-06-04,98
2023-06-04,99
2023-06-04,100
2023-06-11,1
2023-06-11,2
2023-06-11,3
2023-06-11,4
2023-06-11,5
2023-06-11,6
2023-06-11,7
2023-06-11,8
2023-06-11,9
2023-06-11,10
2023-06-11,11
2023-06-11,50
2023-06-11,13
2023-06-11,14
2023-06-11,15
2023-06-11,16
2023-06-11,17
2023-06-11,18
2023-06-11,19
2023-06-11,20
2023-06-11,21
2023-06-11,22
2023-06-11,23
2023-06-11,24
2023-06-11,25
2023-06-11,26
2023-06-11,27
2023-06-11,28
2023-06-11,29
2023-06-11,50
2023-06-11,31
2023-06-11,32
2023-06-11,33
2023-06-11,34
2023-06-11,35
2023-06-11,36
2023-06-11,37
2023-06-11,38
2023-06-11,39
2023-06-11,40
2023-06-11,41
2023-06-11,42
2023-06-11,43
2023-06-11,44
2023-06-11,45
2023-06-11,46
2023-06-11,47
2023-06-11,48
2023-06-11,49
2023-06-11,50
2023-06-11,51
2023-06-11,52
2023-06-11,53
2023-06-11,54
2023-06-11,55
2023-06-11,56
2023-06-11,57
2023-06-11,58
2023-06-11,59
2023-06-11,60
2023-06-11,61
2023-06-11,62
2023-06-11,63
2023-06-11,64
2023-06-11,65
2023-06-11,66
2023-06-11,67
2023-06-11,68
2023-06-11,69
2023-06-11,70
2023-06-11,71
2023-06-11,72
2023-06-11,73
2023-06-11,74
2023-06-11,75
2023-06-11,76
2023-06-11,77
2023-06-11,78
2023-06-11,79
2023-06-11,80
2023-06-11,81
2023-06-11,82
2023-06-11,83
2023-06-11,84
2023-06-11,85
2023-06-11,86
2023-06-11,87
2023-06-11,88
2023-06-11,89
2023-06-11,90
2023-06-11,91
2023-06-11,92
2023-06-11,93
2023-06-11,94
2023-06-11,95
2023-06-11,96
2023-06-11,97
2023-06-11,98
2023-06-11,99
2023-06-11,100
2023-06-18,1
2023-06-18,2
2023-06-18,3
2023-06-18,4
2023-06-18,5
2023-06-18,6
2023-06-18,7
2023-06-18,8
2023-06-18,9
2023-06-18,10
2023-06-18,50
2023-06-18,12
2023-06-18,13
2023-06-18,14
2023-06-18,15
2023-06-18,16
2023-06-18,17
2023-06-18,18
2023-06-18,19
2023-06-18,20
2023-06-18,21
2023-06-18,22
2023-06-18,23
2023-06-18,24
2023-06-18,25
2023-06-18,26
2023-06-18,27
2023-06-18,28
2023-06-18,29
2023-06-18,30
2023-06-18,31
2023-06-18,32
2023-06-18,33
2023-06-18,34
2023-06-18,50
2023-06-18,36
2023-06-18,37
2023-06-18,38
2023-06-18,39
2023-06-18,40
2023-06-18,41
2023-06-18,42
2023-06-18,43
2023-06-18,44
2023-06-18,45
2023-06-18,46
2023-06-18,47
2023-06-18,48
2023-06-18,49
2023-06-18,50
2023-06-18,51
2023-06-18,52
2023-06-18,53
2023-06-18,54
2023-06-18,55
2023-06-18,56
2023-06-18,57
2023-06-18,58
2023-06-18,59
2023-06-18,60
2023-06-18,61
2023-06-18,62
2023-06-18,63
2023-06-18,64
2023-06-18,65
2023-06-18,66
2023-06-18,67
2023-06-18,68
2023-06-18,69
2023-06-18,70
2023-06-18,71
2023-06-18,72
2023-06-18,73
2023-06-18,74
2023-06-18,75
2023-06-18,76
2023-06-18,77
2023-06-18,78
2023-06-18,79
2023-06-18,80
2023-06-18,81
2023-06-18,82
2023-06-18,83
2023-06-18,84
2023-06-18,85
2023-06-18,86
2023-06-18,87
2023-06-18,88
2023-06-18,89
2023-06-18,90
2023-06-18,91
2023-06-18,92
2023-06-18,93
2023-06-18,94
2023-06-18,95
2023-06-18,96
2023-06-18,97
2023-06-18,98
2023-06-18,99
2023-06-18,100
2023-06-25,1
2023-06-25,2
2023-06-25,3
2023-06-25,4
2023-06-25,5
2023-06-25,6
2023-06-25,7
2023-06-25,8
2023-06-25,9
2023-06-25,10
2023-06-25,50
2023-06-25,12
2023-06-25,13
2023-06-25,14
2023-06-25,15
2023-06-25,16
2023-06-25,17
2023-06-25,18
2023-06-25,19
2023-06-25,20
2023-06-25,21
2023-06-25,22
2023-06-25,23
2023-06-25,24
2023-06-25,25
2023-06-25,26
2023-06-25,27
2023-06-25,28
2023-06-25,29
2023-06-25,30
2023-06-25,31
2023-06-25,32
2023-06-25,33
2023-06-25,34
2023-06-25,35
2023-06-25,36
2023-06-25,37
2023-06-25,38
2023-06-25,39
2023-06-25,40
2023-06-25,41
2023-06-25,42
2023-06-25,43
2023-06-25,44
2023-06-25,45
2023-06-25,50
2023-06-25,47
2023-06-25,48
2023-06-25,49
2023-06-25,50
2023-06-25,51
2023-06-25,52
2023-06-25,53
2023-06-25,54
2023-06-25,55
2023-06-25,56
2023-06-25,57
2023-06-25,58
2023-06-25,59
2023-06-25,60
2023-06-25,61
2023-06-25,62
2023-06-25,63
2023-06-25,64
2023-06-25,65
2023-06-25,66
2023-06-25,67
2023-06-25,68
2023-06-25,69
2023-06-25,70
2023-06-25,71
2023-06-25,72
2023-06-25,73
2023-06-25,74
2023-06-25,75
2023-06-25,76
2023-06-25,77
2023-06-25,78
2023-06-25,79
2023-06-25,80
2023-06-25,81
2023-06-25,82
2023-06-25,83
2023-06-25,84
2023-06-25,85
2023-06-25,86
2023-06-25,87
2023-06-25,88
2023-06-25,89
2023-06-25,90
2023-06-25,91
2023-06-25,92
2023-06-25,93
2023-06-25,94
2023-06-25,95
2023-06-25,50
2023-06-25,97
2023-06-25,98
2023-06-25,99
2023-06-25,100
2023-07-02,1
2023-07-02,2
2023-07-02,3
2023-07-02,4
2023-07-02,5
2023-07-02,6
2023-07-02,7
2023-07-02,8
2023-07-02,9
2023-07-02,10
2023-07-02,11
2023-07-02,12
2023-07-02,13
2023-07-02,14
2023-07-02,50
2023-07-02,16
2023-07-02,17
2023-07-02,18
2023-07-02,19
2023-07-02,20
2023-07-02,21
2023-07-02,22
2023-07-02,23
2023-07-02,24
2023-07-02,25
2023-07-02,26
2023-07-02,27
2023-07-02,28
2023-07-02,29
2023-07-02,30
2023-07-02,31
2023-07-02,32
2023-07-02,33
2023-07-02,34
2023-07-02,35
2023-07-02,36
2023-07-02,37
2023-07-02,38
2023-07-02,39
2023-07-02,40
2023-07-02,41
2023-07-02,42
2023-07-02,43
2023-07-02,44
2023-07-02,45
2023-07-02,46
2023-07-02,47
2023-07-02,48
2023-07-02,50
2023-07-02,50
2023-07-02,51
2023-07-02,52
2023-07-02,53
2023-07-02,54
2023-07-02,55
2023-07-02,56
2023-07-02,57
2023-07-02,50
2023-07-02,59
2023-07-02,60
2023-07-02,61
2023-07-02,62
2023-07-02,63
2023-07-02,64
2023-07-02,65
2023-07-02,66
2023-07-02,67
2023-07-02,68
2023-07-02,69
2023-07-02,70
2023-07-02,71
2023-07-02,72
2023-07-02,73
2023-07-02,74
2023-07-02,75
2023-07-02,76
2023-07-02,77
2023-07-02,78
2023-07-02,79
2023-07-02,80
2023-07-02,81
2023-07-02,82
2023-07-02,83
2023-07-02,84
2023-07-02,85
2023-07-02,86
2023-07-02,87
2023-07-02,88
2023-07-02,89
2023-07-02,90
2023-07-02,91
2023-07-02,92
2023-07-02,93
2023-07-02,94
2023-07-02,95
2023-07-02,96
2023-07-02,97
2023-07-02,98
2023-07-02,99
2023-07-02,100
2023-07-09,1
2023-07-09,2
2023-07-09,3
2023-07-09,4
2023-07-09,5
2023-07-09,6
2023-07-09,7
2023-07-09,8
2023-07-09,9
2023-07-09,10
2023-07-09,11
2023-07-09,12
2023-07-09,13
2023-07-09,14
2023-07-09,15
2023-07-09,50
2023-07-09,17
2023-07-09,18
2023-07-09,19
2023-07-09,20
2023-07-09,21
2023-07-09,22
2023-07-09,23
2023-07-09,24
2023-07-09,25
2023-07-09,26
2023-07-09,27
2023-07-09,28
2023-07-09,29
2023-07-09,30
2023-07-09,31
2023-07-09,32
2023-07-09,33
2023-07-09,34
2023-07-09,35
2023-07-09,36
2023-07-09,37
2023-07-09,38
2023-07-09,39
2023-07-09,40
2023-07-09,41
2023-07-09,42
2023-07-09,43
2023-07-09,44
2023-07-09,45
2023-07-09,46
2023-07-09,47
2023-07-09,48
2023-07-09,49
2023-07-09,50
2023-07-09,51
2023-07-09,52
2023-07-09,50
2023-07-09,54
2023-07-09,55
2023-07-09,56
2023-07-09,57
2023-07-09,58
2023-07-09,59
2023-07-09,60
2023-07-09,61
2023-07-09,62
2023-07-09,63
2023-07-09,64
2023-07-09,65
2023-07-09,66
2023-07-09,67
2023-07-09,68
2023-07-09,69
2023-07-09,70
2023-07-09,71
2023-07-09,72
2023-07-09,73
2023-07-09,74
2023-07-09,75
2023-07-09,76
2023-07-09,77
2023-07-09,78
2023-07-09,79
2023-07-09,80
2023-07-09,81
2023-07-09,82
2023-07-09,83
2023-07-09,84
2023-07-09,85
2023-07-09,86
2023-07-09,87
2023-07-09,88
2023-07-09,89
2023-07-09,90
2023-07-09,91
2023-07-09,92
2023-07-09,93
2023-07-09,94
2023-07-09,95
2023-07-09,96
2023-07-09,97
2023-07-09,98
2023-07-09,99
2023-07-09,100
2023-07-16,1
2023-07-16,2
2023-07-16,3
2023-07-16,4
2023-07-16,5
2023-07-16,6
2023-07-16,7
2023-07-16,8
2023-07-16,9
2023-07-16,10
2023-07-16,11
2023-07-16,12
2023-07-16,13
2023-07-16,14
2023-07-16,15
2023-07-16,16
2023-07-16,17
2023-07-16,50
2023-07-16,19
2023-07-16,20
2023-07-16,21
2023-07-16,22
2023-07-16,23
2023-07-16,24
2023-07-16,25
2023-07-16,26
2023-07-16,27
2023-07-16,28
2023-07-16,29
2023-07-16,30
2023-07-16,31
2023-07-16,32
2023-07-16,33
2023-07-16,34
2023-07-16,35
2023-07-16,36
2023-07-16,37
2023-07-16,38
2023-07-16,39
2023-07-16,40
2023-07-16,41
2023-07-16,42
2023-07-16,43
2023-07-16,44
2023-07-16,45
2023-07-16,46
2023-07-16,47
2023-07-16,48
2023-07-16,49
2023-07-16,50
2023-07-16,51
2023-07-16,52
2023-07-16,53
2023-07-16,54
2023-07-16,55
2023-07-16,56
2023-07-16,57
2023-07-16,58
2023-07-16,59
2023-07-16,60
2023-07-16,61
2023-07-16,62
2023-07-16,63
2023-07-16,64
2023-07-16,65
2023-07-16,66
2023-07-16,67
2023-07-16,68
2023-07-16,69
2023-07-16,70
2023-07-16,71
2023-07-16,72
2023-07-16,73
2023-07-16,74
2023-07-16,75
2023-07-16,76
2023-07-16,77
2023-07-16,78
2023-07-16,79
2023-07-16,80
2023-07-16,81
2023-07-16,82
2023-07-16,83
2023-07-16,84
2023-07-16,85
2023-07-16,86
2023-07-16,87
2023-07-16,88
2023-07-16,89
2023-07-16,90
2023-07-16,91
2023-07-16,92
2023-07-16,93
2023-07-16,94
2023-07-16,95
2023-07-16,96
2023-07-16,97
2023-07-16,98
2023-07-16,99
2023-07-16,100
2023-07-23,1
2023-07-23,2
2023-07-23,3
2023-07-23,4
2023-07-23,5
2023-07-23,6
2023-07-23,7
2023-07-23,8
2023-07-23,9
2023-07-23,10
2023-07-23,11
2023-07-23,12
2023-07-23,13
2023-07-23,14
2023-07-23,15
2023-07-23,50
2023-07-23,17
2023-07-23,18
2023-07-23,19
2023-07-23,20
2023-07-23,21
2023-07-23,22
2023-07-23,23
2023-07-23,24
2023-07-23,25
2023-07-23,26
2023-07-23,27
2023-07-23,28
2023-07-23,29
2023-07-23,30
2023-07-23,31
2023-07-23,32
2023-07-23,33
2023-07-23,34
2023-07-23,35
2023-07-23,36
2023-07-23,37
2023-07-23,38
2023-07-23,39
2023-07-23,40
2023-07-23,41
2023-07-23,42
2023-07-23,43
2023-07-23,44
2023-07-23,45
2023-07-23,46
2023-07-23,47
2023-07-23,48
2023-07-23,49
2023-07-23,50
2023-07-23,51
2023-07-23,52
2023-07-23,53
2023-07-23,54
2023-07-23,55
2023-07-23,56
2023-07-23,57
2023-07-23,58
2023-07-23,59
2023-07-23,60
2023-07-23,61
2023-07-23,62
2023-07-23,63
2023-07-23,64
2023-07-23,65
2023-07-23,66
2023-07-23,67
2023-07-23,68
2023-07-23,69
2023-07-23,70
2023-07-23,71
2023-07-23,72
2023-07-23,73
2023-07-23,74
2023-07-23,75
2023-07-23,76
2023-07-23,77
2023-07-23,78
2023-07-23,79
2023-07-23,80
2023-07-23,81
2023-07-23,82
2023-07-23,83
2023-07-23,84
2023-07-23,85
2023-07-23,86
2023-07-23,87
2023-07-23,88
2023-07-23,89
2023-07-23,90
2023-07-23,91
2023-07-23,92
2023-07-23,93
2023-07-23,94
2023-07-23,95
2023-07-23,96
2023-07-23,97
2023-07-23,98
2023-07-23,99
2023-07-23,100
2023-07-30,1
2023-07-30,2
2023-07-30,3
2023-07-30,4
2023-07-30,5
2023-07-30,6
2023-07-30,7
2023-07-30,8
2023-07-30,9
2023-07-30,10
2023-07-30,11
2023-07-30,12
2023-07-30,13
2023-07-30,14
2023-07-30,15
2023-07-30,16
2023-07-30,17
2023-07-30,18
2023-07-30,50
2023-07-30,20
2023-07-30,21
2023-07-30,22
2023-07-30,23
2023-07-30,24
2023-07-30,25
2023-07-30,26
2023-07-30,27
2023-07-30,28
2023-07-30,29
2023-07-30,30
2023-07-30,31
2023-07-30,32
2023-07-30,33
2023-07-30,34
2023-07-30,35
2023-07-30,36
2023-07-30,37
2023-07-30,38
2023-07-30,39
2023-07-30,40
2023-07-30,41
2023-07-30,42
2023-07-30,43
2023-07-30,44
2023-07-30,45
2023-07-30,46
2023-07-30,47
2023-07-30,48
2023-07-30,49
2023-07-30,50
2023-07-30,51
2023-07-30,52
2023-07-30,53
2023-07-30,54
2023-07-30,55
2023-07-30,56
2023-07-30,57
2023-07-30,58
2023-07-30,59
2023-07-30,60
2023-07-30,61
2023-07-30,62
2023-07-30,63
2023-07-30,64
2023-07-30,65
2023-07-30,66
2023-07-30,67
2023-07-30,68
2023-07-30,69
2023-07-30,70
2023-07-30,71
2023-07-30,72
2023-07-30,73
2023-07-30,74
2023-07-30,75
2023-07-30,76
2023-07-30,77
2023-07-30,78
2023-07-30,79
2023-07-30,80
2023-07-30,81
2023-07-30,82
2023-07-30,83
2023-07-30,84
2023-07-30,85
2023-07-30,86
2023-07-30,87
2023-07-30,88
2023-07-30,89
2023-07-30,90
2023-07-30,91
2023-07-30,92
2023-07-30,93
2023-07-30,94
2023-07-30,95
2023-07-30,96
2023-07-30,97
2023-07-30,98
2023-07-30,99
2023-07-30,100
2023-08-06,1
2023-08-06,2
2023-08-06,3
2023-08-06,4
2023-08-06,5
2023-08-06,6
2023-08-06,7
2023-08-06,8
2023-08-06,9
2023-08-06,10
2023-08-06,11
2023-08-06,12
2023-08-06,13
2023-08-06,14
2023-08-06,15
2023-08-06,16
2023-08-06,17
2023-08-06,18
2023-08-06,19
2023-08-06,20
2023-08-06,21
2023-08-06,22
2023-08-06,23
2023-08-06,24
2023-08-06,25
2023-08-06,26
2023-08-06,27
2023-08-06,28
2023-08-06,29
2023-08-06,30
2023-08-06,31
2023-08-06,32
2023-08-06,33
2023-08-06,34
2023-08-06,35
2023-08-06,36
2023-08-06,37
2023-08-06,38
2023-08-06,39
2023-08-06,40
2023-08-06,41
2023-08-06,42
2023-08-06,43
2023-08-06,44
2023-08-06,45
2023-08-06,46
2023-08-06,47
2023-08-06,48
2023-08-06,49
2023-08-06,50
2023-08-06,51
2023-08-06,52
2023-08-06,53
2023-08-06,54
2023-08-06,55
2023-08-06,56
2023-08-06,57
2023-08-06,58
2023-08-06,59
2023-08-06,60
2023-08-06,61
2023-08-06,62
2023-08-06,63
2023-08-06,64
2023-08-06,65
2023-08-06,66
2023-08-06,67
2023-08-06,68
2023-08-06,69
2023-08-06,70
2023-08-06,71
2023-08-06,72
2023-08-06,73
2023-08-06,74
2023-08-06,75
2023-08-06,76
2023-08-06,77
2023-08-06,78
2023-08-06,79
2023-08-06,80
2023-08-06,81
2023-08-06,82
2023-08-06,83
2023-08-06,84
2023-08-06,85
2023-08-06,86
2023-08-06,87
2023-08-06,50
2023-08-06,89
2023-08-06,90
2023-08-06,91
2023-08-06,92
2023-08-06,93
2023-08-06,94
2023-08-06,95
2023-08-06,96
2023-08-06,97
2023-08-06,98
2023-08-06,99
2023-08-06,100
2023-08-13,1
2023-08-13,2
2023-08-13,3
2023-08-13,4
2023-08-13,5
2023-08-13,6
2023-08-13,7
2023-08-13,8
2023-08-13,9
2023-08-13,10
2023-08-13,11
2023-08-13,12
2023-08-13,13
2023-08-13,14
2023-08-13,15
2023-08-13,16
2023-08-13,17
2023-08-13,18
2023-08-13,19
2023-08-13,20
2023-08-13,21
2023-08-13,22
2023-08-13,23
2023-08-13,24
2023-08-13,25
2023-08-13,26
2023-08-13,27
2023-08-13,28
2023-08-13,29
2023-08-13,30
2023-08-13,31
2023-08-13,32
2023-08-13,33
2023-08-13,34
2023-08-13,35
2023-08-13,36
2023-08-13,37
2023-08-13,38
2023-08-13,39
2023-08-13,40
2023-08-13,41
2023-08-13,42
2023-08-13,43
2023-08-13,44
2023-08-13,45
2023-08-13,46
2023-08-13,47
2023-08-13,48
2023-08-13,49
2023-08-13,50
2023-08-13,51
2023-08-13,52
2023-08-13,53
2023-08-13,54
2023-08-13,55
2023-08-13,56
2023-08-13,57
2023-08-13,58
2023-08-13,59
2023-08-13,60
2023-08-13,61
2023-08-13,62
2023-08-13,63
2023-08-13,64
2023-08-13,65
2023-08-13,66
2023-08-13,67
2023-08-13,68
2023-08-13,69
2023-08-13,70
2023-08-13,71
2023-08-13,72
2023-08-13,73
2023-08-13,74
2023-08-13,75
2023-08-13,76
2023-08-13,77
2023-08-13,78
2023-08-13,79
2023-08-13,80
2023-08-13,81
2023-08-13,82
2023-08-13,83
2023-08-13,84
2023-08-13,85
2023-08-13,86
2023-08-13,87
2023-08-13,88
2023-08-13,89
2023-08-13,90
2023-08-13,91
2023-08-13,92
2023-08-13,93
2023-08-13,94
2023-08-13,95
2023-08-13,96
2023-08-13,97
2023-08-13,98
2023-08-13,99
2023-08-13,100
2023-08-20,1
2023-08-20,2
2023-08-20,3
2023-08-20,4
2023-08-20,5
2023-08-20,6
2023-08-20,7
2023-08-20,8
2023-08-20,9
2023-08-20,10
2023-08-20,11
2023-08-20,12
2023-08-20,13
2023-08-20,14
2023-08-20,15
2023-08-20,16
2023-08-20,17
2023-08-20,18
2023-08-20,19
2023-08-20,20
2023-08-20,21
2023-08-20,22
2023-08-20,23
2023-08-20,24
2023-08-20,25
2023-08-20,26
2023-08-20,27
2023-08-20,28
2023-08-20,29
2023-08-20,30
2023-08-20,31
2023-08-20,32
2023-08-20,33
2023-08-20,34
2023-08-20,35
2023-08-20,36
2023-08-20,37
2023-08-20,38
2023-08-20,39
2023-08-20,40
2023-08-20,41
2023-08-20,42
2023-08-20,43
2023-08-20,44
2023-08-20,45
2023-08-20,46
2023-08-20,47
2023-08-20,48
2023-08-20,49
2023-08-20,50
2023-08-20,51
2023-08-20,52
2023-08-20,53
2023-08-20,54
2023-08-20,55
2023-08-20,56
2023-08-20,57
2023-08-20,58
2023-08-20,59
2023-08-20,60
2023-08-20,61
2023-08-20,62
2023-08-20,63
2023-08-20,64
2023-08-20,65
2023-08-20,66
2023-08-20,67
2023-08-20,68
2023-08-20,69
2023-08-20,70
2023-08-20,71
2023-08-20,72
2023-08-20,73
2023-08-20,74
2023-08-20,75
2023-08-20,76
2023-08-20,77
2023-08-20,78
2023-08-20,79
2023-08-20,80
2023-08-20,81
2023-08-20,82
2023-08-20,83
2023-08-20,84
2023-08-20,85
2023-08-20,86
2023-08-20,87
2023-08-20,88
2023-08-20,89
2023-08-20,90
2023-08-20,91
2023-08-20,92
2023-08-20,93
2023-08-20,94
2023-08-20,95
2023-08-20,96
2023-08-20,97
2023-08-20,98
2023-08-20,99
2023-08-20,100
2023-08-27,1
2023-08-27,2
2023-08-27,3
2023-08-27,4
2023-08-27,5
2023-08-27,6
2023-08-27,7
2023-08-27,8
2023-08-27,9
2023-08-27,10
2023-08-27,11
2023-08-27,12
2023-08-27,13
2023-08-27,14
2023-08-27,15
2023-08-27,16
2023-08-27,17
2023-08-27,18
2023-08-27,19
2023-08-27,20
2023-08-27,21
2023-08-27,22
2023-08-27,23
2023-08-27,24
2023-08-27,25
2023-08-27,26
2023-08-27,27
2023-08-27,28
2023-08-27,29
2023-08-27,30
2023-08-27,31
2023-08-27,32
2023-08-27,33
2023-08-27,34
2023-08-27,35
2023-08-27,36
2023-08-27,37
2023-08-27,38
2023-08-27,39
2023-08-27,40
2023-08-27,41
2023-08-27,42
2023-08-27,43
2023-08-27,44
2023-08-27,45
2023-08-27,46
2023-08-27,47
2023-08-27,48
2023-08-27,49
2023-08-27,50
2023-08-27,51
2023-08-27,52
2023-08-27,53
2023-08-27,54
2023-08-27,55
2023-08-27,56
2023-08-27,57
2023-08-27,58
2023-08-27,59
2023-08-27,60
2023-08-27,61
2023-08-27,62
2023-08-27,63
2023-08-27,64
2023-08-27,65
2023-08-27,66
2023-08-27,67
2023-08-27,68
2023-08-27,69
2023-08-27,70
2023-08-27,71
2023-08-27,72
2023-08-27,73
2023-08-27,74
2023-08-27,75
2023-08-27,76
2023-08-27,77
2023-08-27,78
2023-08-27,79
2023-08-27,80
2023-08-27,81
2023-08-27,82
2023-08-27,83
2023-08-27,84
2023-08-27,85
2023-08-27,86
2023-08-27,87
2023-08-27,88
2023-08-27,89
2023-08-27,90
2023-08-27,91
2023-08-27,92
2023-08-27,93
2023-08-27,94
2023-08-27,95
2023-08-27,96
2023-08-27,97
2023-08-27,98
2023-08-27,99
2023-08-27,100
2023-09-03,1
2023-09-03,2
2023-09-03,3
2023-09-03,4
2023-09-03,5
2023-09-03,6
2023-09-03,7
2023-09-03,8
2023-09-03,9
2023-09-03,10
2023-09-03,11
2023-09-03,12
2023-09-03,13
2023-09-03,14
2023-09-03,15
2023-09-03,16
2023-09-03,17
2023-09-03,18
2023-09-03,19
2023-09-03,20
2023-09-03,21
2023-09-03,22
2023-09-03,23
2023-09-03,24
2023-09-03,25
2023-09-03,26
2023-09-03,27
2023-09-03,28
2023-09-03,29
2023-09-03,30
2023-09-03,31
2023-09-03,32
2023-09-03,33
2023-09-03,34
2023-09-03,35
2023-09-03,36
2023-09-03,37
2023-09-03,38
2023-09-03,50
2023-09-03,40
2023-09-03,41
2023-09-03,42
2023-09-03,43
2023-09-03,44
2023-09-03,45
2023-09-03,46
2023-09-03,47
2023-09-03,48
2023-09-03,49
2023-09-03,50
2023-09-03,51
2023-09-03,52
2023-09-03,53
2023-09-03,54
2023-09-03,55
2023-09-03,56
2023-09-03,57
2023-09-03,58
2023-09-03,59
2023-09-03,60
2023-09-03,61
2023-09-03,62
2023-09-03,63
2023-09-03,64
2023-09-03,65
2023-09-03,66
2023-09-03,67
2023-09-03,68
2023-09-03,69
2023-09-03,70
2023-09-03,71
2023-09-03,72
2023-09-03,73
2023-09-03,74
2023-09-03,75
2023-09-03,76
2023-09-03,77
2023-09-03,78
2023-09-03,79
2023-09-03,80
2023-09-03,81
2023-09-03,82
2023-09-03,83
2023-09-03,84
2023-09-03,85
2023-09-03,86
2023-09-03,87
2023-09-03,88
2023-09-03,89
2023-09-03,90
2023-09-03,91
2023-09-03,92
2023-09-03,93
2023-09-03,94
2023-09-03,95
2023-09-03,96
2023-09-03,97
2023-09-03,98
2023-09-03,99
2023-09-03,100
2023-09-10,1
2023-09-10,2
2023-09-10,3
2023-09-10,4
2023-09-10,5
2023-09-10,6
2023-09-10,7
2023-09-10,8
2023-09-10,9
2023-09-10,10
2023-09-10,11
2023-09-10,12
2023-09-10,13
2023-09-10,14
2023-09-10,15
2023-09-10,16
2023-09-10,17
2023-09-10,18
2023-09-10,19
2023-09-10,20
2023-09-10,21
2023-09-10,22
2023-09-10,23
2023-09-10,24
2023-09-10,25
2023-09-10,26
2023-09-10,27
2023-09-10,28
2023-09-10,29
2023-09-10,30
2023-09-10,31
2023-09-10,32
2023-09-10,33
2023-09-10,34
2023-09-10,35
2023-09-10,36
2023-09-10,37
2023-09-10,38
2023-09-10,39
2023-09-10,40
2023-09-10,41
2023-09-10,42
2023-09-10,43
2023-09-10,44
2023-09-10,45
2023-09-10,46
2023-09-10,47
2023-09-10,48
2023-09-10,49
2023-09-10,50
2023-09-10,51
2023-09-10,52
2023-09-10,53
2023-09-10,54
2023-09-10,55
2023-09-10,56
2023-09-10,57
2023-09-10,58
2023-09-10,59
2023-09-10,60
2023-09-10,61
2023-09-10,62
2023-09-10,63
2023-09-10,64
2023-09-10,65
2023-09-10,66
2023-09-10,67
2023-09-10,68
2023-09-10,69
2023-09-10,70
2023-09-10,71
2023-09-10,72
2023-09-10,73
2023-09-10,74
2023-09-10,75
2023-09-10,76
2023-09-10,77
2023-09-10,78
2023-09-10,79
2023-09-10,80
2023-09-10,81
2023-09-10,82
2023-09-10,83
2023-09-10,50
2023-09-10,85
2023-09-10,86
2023-09-10,87
2023-09-10,88
2023-09-10,89
2023-09-10,90
2023-09-10,91
2023-09-10,92
2023-09-10,93
2023-09-10,94
2023-09-10,95
2023-09-10,96
2023-09-10,97
2023-09-10,98
2023-09-10,99
2023-09-10,100
2023-09-17,1
2023-09-17,2
2023-09-17,3
2023-09-17,4
2023-09-17,5
2023-09-17,6
2023-09-17,7
2023-09-17,8
2023-09-17,9
2023-09-17,10
2023-09-17,11
2023-09-17,12
2023-09-17,13
2023-09-17,14
2023-09-17,15
2023-09-17,16
2023-09-17,17
2023-09-17,18
2023-09-17,19
2023-09-17,20
2023-09-17,21
2023-09-17,22
2023-09-17,23
2023-09-17,24
2023-09-17,25
2023-09-17,26
2023-09-17,27
2023-09-17,28
2023-09-17,29
2023-09-17,30
2023-09-17,31
2023-09-17,32
2023-09-17,33
2023-09-17,34
2023-09-17,35
2023-09-17,36
2023-09-17,37
2023-09-17,38
2023-09-17,39
2023-09-17,40
2023-09-17,41
2023-09-17,42
2023-09-17,43
2023-09-17,44
2023-09-17,45
2023-09-17,46
2023-09-17,47
2023-09-17,48
2023-09-17,49
2023-09-17,50
2023-09-17,51
2023-09-17,52
2023-09-17,53
2023-09-17,54
2023-09-17,55
2023-09-17,56
2023-09-17,57
2023-09-17,58
2023-09-17,59
2023-09-17,60
2023-09-17,61
2023-09-17,62
2023-09-17,63
2023-09-17,64
2023-09-17,65
2023-09-17,66
2023-09-17,67
2023-09-17,68
2023-09-17,69
2023-09-17,70
2023-09-17,71
2023-09-17,72
2023-09-17,73
2023-09-17,74
2023-09-17,75
2023-09-17,76
2023-09-17,77
2023-09-17,78
2023-09-17,79
2023-09-17,80
2023-09-17,81
2023-09-17,82
2023-09-17,83
2023-09-17,84
2023-09-17,85
2023-09-17,86
2023-09-17,87
2023-09-17,88
2023-09-17,89
2023-09-17,90
2023-09-17,91
2023-09-17,92
2023-09-17,93
2023-09-17,94
2023-09-17,95
2023-09-17,96
2023-09-17,97
2023-09-17,98
2023-09-17,99
2023-09-17,100
2023-09-24,1
2023-09-24,2
2023-09-24,3
2023-09-24,4
2023-09-24,5
2023-09-24,6
2023-09-24,7
2023-09-24,8
2023-09-24,9
2023-09-24,10
2023-09-24,11
2023-09-24,12
2023-09-24,13
2023-09-24,14
2023-09-24,15
2023-09-24,16
2023-09-24,17
2023-09-24,18
2023-09-24,19
2023-09-24,20
2023-09-24,21
2023-09-24,22
2023-09-24,23
2023-09-24,24
2023-09-24,25
2023-09-24,26
2023-09-24,27
2023-09-24,28
2023-09-24,29
2023-09-24,30
2023-09-24,31
2023-09-24,32
2023-09-24,33
2023-09-24,34
2023-09-24,35
2023-09-24,36
2023-09-24,37
2023-09-24,38
2023-09-24,39
2023-09-24,40
2023-09-24,41
2023-09-24,42
2023-09-24,43
2023-09-24,44
2023-09-24,45
2023-09-24,46
2023-09-24,47
2023-09-24,48
2023-09-24,49
2023-09-24,50
2023-09-24,51
2023-09-24,52
2023-09-24,53
2023-09-24,54
2023-09-24,55
2023-09-24,56
2023-09-24,57
2023-09-24,58
2023-09-24,59
2023-09-24,60
2023-09-24,61
2023-09-24,62
2023-09-24,63
2023-09-24,64
2023-09-24,65
2023-09-24,66
2023-09-24,67
2023-09-24,68
2023-09-24,69
2023-09-24,70
2023-09-24,71
2023-09-24,72
2023-09-24,73
2023-09-24,74
2023-09-24,75
2023-09-24,76
2023-09-24,77
2023-09-24,78
2023-09-24,79
2023-09-24,80
2023-09-24,81
2023-09-24,82
2023-09-24,83
2023-09-24,84
2023-09-24,85
2023-09-24,86
2023-09-24,87
2023-09-24,88
2023-09-24,89
2023-09-24,90
2023-09-24,91
2023-09-24,92
2023-09-24,93
2023-09-24,94
2023-09-24,95
2023-09-24,96
2023-09-24,97
2023-09-24,98
2023-09-24,99
2023-09-24,100
2023-10-01,1
2023-10-01,2
2023-10-01,3
2023-10-01,4
2023-10-01,5
2023-10-01,6
2023-10-01,7
2023-10-01,8
2023-10-01,9
2023-10-01,10
2023-10-01,11
2023-10-01,12
2023-10-01,13
2023-10-01,14
2023-10-01,15
2023-10-01,16
2023-10-01,17
2023-10-01,18
2023-10-01,19
2023-10-01,20
2023-10-01,21
2023-10-01,22
2023-10-01,23
2023-10-01,24
2023-10-01,25
2023-10-01,26
2023-10-01,27
2023-10-01,28
2023-10-01,29
2023-10-01,30
2023-10-01,31
2023-10-01,32
2023-10-01,33
2023-10-01,34
2023-10-01,35
2023-10-01,36
2023-10-01,37
2023-10-01,38
2023-10-01,39
2023-10-01,40
2023-10-01,41
2023-10-01,42
2023-10-01,43
2023-10-01,44
2023-10-01,45
2023-10-01,46
2023-10-01,47
2023-10-01,48
2023-10-01,49
2023-10-01,50
2023-10-01,51
2023-10-01,52
2023-10-01,53
2023-10-01,54
2023-10-01,55
2023-10-01,56
2023-10-01,57
2023-10-01,58
2023-10-01,59
2023-10-01,60
2023-10-01,61
2023-10-01,62
2023-10-01,63
2023-10-01,64
2023-10-01,65
2023-10-01,66
2023-10-01,67
2023-10-01,68
2023-10-01,69
2023-10-01,70
2023-10-01,71
2023-10-01,72
2023-10-01,73
2023-10-01,74
2023-10-01,75
2023-10-01,76
2023-10-01,77
2023-10-01,78
2023-10-01,79
2023-10-01,80
2023-10-01,81
2023-10-01,82
2023-10-01,83
2023-10-01,84
2023-10-01,85
2023-10-01,86
2023-10-01,87
2023-10-01,88
2023-10-01,89
2023-10-01,90
2023-10-01,91
2023-10-01,92
2023-10-01,93
2023-10-01,94
2023-10-01,95
2023-10-01,96
2023-10-01,97
2023-10-01,98
2023-10-01,99
2023-10-01,100
2023-10-08,1
2023-10-08,2
2023-10-08,3
2023-10-08,4
2023-10-08,5
2023-10-08,6
2023-10-08,7
2023-10-08,8
2023-10-08,9
2023-10-08,10
2023-10-08,11
2023-10-08,12
2023-10-08,13
2023-10-08,14
2023-10-08,15
2023-10-08,16
2023-10-08,17
2023-10-08,18
2023-10-08,19
2023-10-08,20
2023-10-08,21
2023-10-08,22
2023-10-08,23
2023-10-08,24
2023-10-08,25
2023-10-08,26
2023-10-08,27
2023-10-08,28
2023-10-08,29
2023-10-08,30
2023-10-08,31
2023-10-08,32
2023-10-08,33
2023-10-08,34
2023-10-08,35
2023-10-08,36
2023-10-08,37
2023-10-08,38
2023-10-08,39
2023-10-08,40
2023-10-08,41
2023-10-08,42
2023-10-08,43
2023-10-08,44
2023-10-08,45
2023-10-08,46
2023-10-08,47
2023-10-08,48
2023-10-08,49
2023-10-08,50
2023-10-08,51
2023-10-08,52
2023-10-08,53
2023-10-08,54
2023-10-08,55
2023-10-08,56
2023-10-08,57
2023-10-08,58
2023-10-08,59
2023-10-08,60
2023-10-08,61
2023-10-08,62
2023-10-08,63
2023-10-08,64
2023-10-08,65
2023-10-08,66
2023-10-08,67
2023-10-08,68
2023-10-08,69
2023-10-08,70
2023-10-08,71
2023-10-08,72
2023-10-08,73
2023-10-08,74
2023-10-08,75
2023-10-08,76
2023-10-08,77
2023-10-08,78
2023-10-08,79
2023-10-08,80
2023-10-08,81
2023-10-08,82
2023-10-08,83
2023-10-08,84
2023-10-08,85
2023-10-08,86
2023-10-08,87
2023-10-08,88
2023-10-08,89
2023-10-08,90
2023-10-08,91
2023-10-08,92
2023-10-08,93
2023-10-08,94
2023-10-08,95
2023-10-08,96
2023-10-08,97
2023-10-08,98
2023-10-08,99
2023-10-08,100
2023-10-15,1
2023-10-15,2
2023-10-15,3
2023-10-15,4
2023-10-15,5
2023-10-15,6
2023-10-15,7
2023-10-15,8
2023-10-15,9
2023-10-15,10
2023-10-15,11
2023-10-15,12
2023-10-15,13
2023-10-15,14
2023-10-15,15
2023-10-15,16
2023-10-15,17
2023-10-15,18
2023-10-15,19
2023-10-15,20
2023-10-15,21
2023-10-15,22
2023-10-15,23
2023-10-15,24
2023-10-15,25
2023-10-15,26
2023-10-15,27
2023-10-15,28
2023-10-15,29
2023-10-15,30
2023-10-15,31
2023-10-15,32
2023-10-15,33
2023-10-15,34
2023-10-15,35
2023-10-15,36
2023-10-15,37
2023-10-15,38
2023-10-15,39
2023-10-15,40
2023-10-15,41
2023-10-15,42
2023-10-15,43
2023-10-15,44
2023-10-15,45
2023-10-15,46
2023-10-15,47
2023-10-15,48
2023-10-15,49
2023-10-15,50
2023-10-15,51
2023-10-15,52
2023-10-15,53
2023-10-15,54
2023-10-15,55
2023-10-15,56
2023-10-15,57
2023-10-15,58
2023-10-15,59
2023-10-15,60
2023-10-15,61
2023-10-15,62
2023-10-15,63
2023-10-15,64
2023-10-15,65
2023-10-15,66
2023-10-15,67
2023-10-15,68
2023-10-15,69
2023-10-15,70
2023-10-15,71
2023-10-15,72
2023-10-15,73
2023-10-15,74
2023-10-15,75
2023-10-15,76
2023-10-15,77
2023-10-15,78
2023-10-15,79
2023-10-15,80
2023-10-15,81
2023-10-15,82
2023-10-15,83
2023-10-15,84
2023-10-15,85
2023-10-15,86
2023-10-15,87
2023-10-15,88
2023-10-15,89
2023-10-15,90
2023-10-15,91
2023-10-15,92
2023-10-15,93
2023-10-15,94
2023-10-15,95
2023-10-15,96
2023-10-15,97
2023-10-15,98
2023-10-15,99
2023-10-15,100
2023-10-22,1
2023-10-22,2
2023-10-22,3
2023-10-22,4
2023-10-22,5
2023-10-22,6
2023-10-22,7
2023-10-22,8
2023-10-22,9
2023-10-22,10
2023-10-22,11
2023-10-22,12
2023-10-22,13
2023-10-22,14
2023-10-22,15
2023-10-22,16
2023-10-22,17
2023-10-22,18
2023-10-22,19
2023-10-22,20
2023-10-22,21
2023-10-22,50
2023-10-22,23
2023-10-22,24
2023-10-22,25
2023-10-22,26
2023-10-22,27
2023-10-22,28
2023-10-22,29
2023-10-22,30
2023-10-22,31
2023-10-22,32
2023-10-22,33
2023-10-22,34
2023-10-22,35
2023-10-22,36
2023-10-22,37
2023-10-22,38
2023-10-22,39
2023-10-22,40
2023-10-22,41
2023-10-22,42
2023-10-22,43
2023-10-22,44
2023-10-22,45
2023-10-22,46
2023-10-22,47
2023-10-22,48
2023-10-22,49
2023-10-22,50
2023-10-22,51
2023-10-22,52
2023-10-22,53
2023-10-22,54
2023-10-22,55
2023-10-22,56
2023-10-22,57
2023-10-22,58
2023-10-22,59
2023-10-22,60
2023-10-22,61
2023-10-22,62
2023-10-22,63
2023-10-22,64
2023-10-22,65
2023-10-22,66
2023-10-22,67
2023-10-22,68
2023-10-22,69
2023-10-22,70
2023-10-22,71
2023-10-22,72
2023-10-22,73
2023-10-22,74
2023-10-22,75
2023-10-22,76
2023-10-22,77
2023-10-22,78
2023-10-22,79
2023-10-22,80
2023-10-22,81
2023-10-22,82
2023-10-22,83
2023-10-22,84
2023-10-22,85
2023-10-22,86
2023-10-22,87
2023-10-22,88
2023-10-22,89
2023-10-22,90
2023-10-22,91
2023-10-22,92
2023-10-22,93
2023-10-22,94
2023-10-22,95
2023-10-22,96
2023-10-22,97
2023-10-22,98
2023-10-22,99
2023-10-22,100
2023-10-29,1
2023-10-29,2
2023-10-29,3
2023-10-29,4
2023-10-29,5
2023-10-29,6
2023-10-29,7
2023-10-29,8
2023-10-29,9
2023-10-29,10
2023-10-29,11
2023-10-29,12
2023-10-29,13
2023-10-29,14
2023-10-29,15
2023-10-29,16
2023-10-29,17
2023-10-29,18
2023-10-29,19
2023-10-29,20
2023-10-29,21
2023-10-29,22
2023-10-29,23
2023-10-29,24
2023-10-29,25
2023-10-29,26
2023-10-29,27
2023-10-29,28
2023-10-29,29
2023-10-29,30
2023-10-29,31
2023-10-29,32
2023-10-29,33
2023-10-29,34
2023-10-29,35
2023-10-29,36
2023-10-29,37
2023-10-29,38
2023-10-29,39
2023-10-29,40
2023-10-29,41
2023-10-29,42
2023-10-29,43
2023-10-29,44
2023-10-29,45
2023-10-29,46
2023-10-29,47
2023-10-29,48
2023-10-29,49
2023-10-29,50
2023-10-29,51
2023-10-29,52
2023-10-29,53
2023-10-29,54
2023-10-29,55
2023-10-29,56
2023-10-29,57
2023-10-29,58
2023-10-29,59
2023-10-29,60
2023-10-29,61
2023-10-29,62
2023-10-29,63
2023-10-29,64
2023-10-29,65
2023-10-29,66
2023-10-29,67
2023-10-29,68
2023-10-29,69
2023-10-29,70
2023-10-29,71
2023-10-29,72
2023-10-29,73
2023-10-29,74
2023-10-29,75
2023-10-29,76
2023-10-29,77
2023-10-29,78
2023-10-29,79
2023-10-29,80
2023-10-29,81
2023-10-29,82
2023-10-29,83
2023-10-29,84
2023-10-29,85
2023-10-29,86
2023-10-29,87
2023-10-29,88
2023-10-29,89
2023-10-29,90
2023-10-29,91
2023-10-29,92
2023-10-29,93
2023-10-29,94
2023-10-29,95
2023-10-29,96
2023-10-29,97
2023-10-29,98
2023-10-29,99
2023-10-29,100
2023-11-05,1
2023-11-05,2
2023-11-05,3
2023-11-05,4
2023-11-05,5
2023-11-05,6
2023-11-05,7
2023-11-05,8
2023-11-05,9
2023-11-05,10
2023-11-05,11
2023-11-05,50
2023-11-05,13
2023-11-05,14
2023-11-05,15
2023-11-05,16
2023-11-05,17
2023-11-05,18
2023-11-05,19
2023-11-05,20
2023-11-05,21
2023-11-05,22
2023-11-05,23
2023-11-05,24
2023-11-05,25
2023-11-05,26
2023-11-05,27
2023-11-05,28
2023-11-05,29
2023-11-05,30
2023-11-05,31
2023-11-05,32
2023-11-05,33
2023-11-05,34
2023-11-05,35
2023-11-05,36
2023-11-05,37
2023-11-05,38
2023-11-05,39
2023-11-05,40
2023-11-05,41
2023-11-05,42
2023-11-05,43
2023-11-05,44
2023-11-05,45
2023-11-05,46
2023-11-05,47
2023-11-05,48
2023-11-05,49
2023-11-05,50
2023-11-05,51
2023-11-05,52
2023-11-05,53
2023-11-05,54
2023-11-05,55
2023-11-05,56
2023-11-05,57
2023-11-05,58
2023-11-05,59
2023-11-05,60
2023-11-05,61
2023-11-05,62
2023-11-05,63
2023-11-05,64
2023-11-05,65
2023-11-05,66
2023-11-05,67
2023-11-05,68
2023-11-05,69
2023-11-05,70
2023-11-05,71
2023-11-05,72
2023-11-05,73
2023-11-05,74
2023-11-05,75
2023-11-05,76
2023-11-05,77
2023-11-05,78
2023-11-05,79
2023-11-05,80
2023-11-05,81
2023-11-05,82
2023-11-05,83
2023-11-05,84
2023-11-05,85
2023-11-05,86
2023-11-05,87
2023-11-05,88
2023-11-05,89
2023-11-05,90
2023-11-05,91
2023-11-05,92
2023-11-05,93
2023-11-05,94
2023-11-05,95
2023-11-05,96
2023-11-05,97
2023-11-05,98
2023-11-05,99
2023-11-05,100
2023-11-12,1
2023-11-12,2
2023-11-12,3
2023-11-12,4
2023-11-12,5
2023-11-12,6
2023-11-12,7
2023-11-12,8
2023-11-12,9
2023-11-12,10
2023-11-12,11
2023-11-12,12
2023-11-12,13
2023-11-12,14
2023-11-12,15
2023-11-12,16
2023-11-12,17
2023-11-12,18
2023-11-12,19
2023-11-12,20
2023-11-12,21
2023-11-12,22
2023-11-12,23
2023-11-12,24
2023-11-12,25
2023-11-12,26
2023-11-12,27
2023-11-12,28
2023-11-12,29
2023-11-12,30
2023-11-12,31
2023-11-12,32
2023-11-12,33
2023-11-12,34
2023-11-12,35
2023-11-12,36
2023-11-12,37
2023-11-12,38
2023-11-12,39
2023-11-12,40
2023-11-12,41
2023-11-12,42
2023-11-12,43
2023-11-12,44
2023-11-12,45
2023-11-12,46
2023-11-12,47
2023-11-12,48
2023-11-12,49
2023-11-12,50
2023-11-12,51
2023-11-12,52
2023-11-12,53
2023-11-12,54
2023-11-12,55
2023-11-12,50
2023-11-12,57
2023-11-12,58
2023-11-12,50
2023-11-12,60
2023-11-12,61
2023-11-12,62
2023-11-12,63
2023-11-12,64
2023-11-12,65
2023-11-12,66
2023-11-12,67
2023-11-12,68
2023-11-12,69
2023-11-12,70
2023-11-12,71
2023-11-12,72
2023-11-12,73
2023-11-12,74
2023-11-12,75
2023-11-12,76
2023-11-12,77
2023-11-12,78
2023-11-12,79
2023-11-12,80
2023-11-12,81
2023-11-12,82
2023-11-12,83
2023-11-12,84
2023-11-12,85
2023-11-12,86
2023-11-12,87
2023-11-12,88
2023-11-12,89
2023-11-12,90
2023-11-12,91
2023-11-12,92
2023-11-12,93
2023-11-12,94
2023-11-12,95
2023-11-12,96
2023-11-12,97
2023-11-12,98
2023-11-12,99
2023-11-12,100
2023-11-19,1
2023-11-19,2
2023-11-19,3
2023-11-19,4
2023-11-19,5
2023-11-19,6
2023-11-19,7
2023-11-19,8
2023-11-19,9
2023-11-19,10
2023-11-19,11
2023-11-19,12
2023-11-19,13
2023-11-19,14
2023-11-19,15
2023-11-19,16
2023-11-19,17
2023-11-19,18
2023-11-19,19
2023-11-19,20
2023-11-19,21
2023-11-19,22
2023-11-19,23
2023-11-19,24
2023-11-19,25
2023-11-19,26
2023-11-19,27
2023-11-19,28
2023-11-19,29
2023-11-19,30
2023-11-19,31
2023-11-19,32
2023-11-19,33
2023-11-19,34
2023-11-19,35
2023-11-19,36
2023-11-19,37
2023-11-19,38
2023-11-19,39
2023-11-19,40
2023-11-19,41
2023-11-19,42
2023-11-19,43
2023-11-19,44
2023-11-19,45
2023-11-19,46
2023-11-19,47
2023-11-19,48
2023-11-19,49
2023-11-19,50
2023-11-19,51
2023-11-19,52
2023-11-19,53
2023-11-19,54
2023-11-19,55
2023-11-19,56
2023-11-19,57
2023-11-19,58
2023-11-19,59
2023-11-19,60
2023-11-19,61
2023-11-19,62
2023-11-19,63
2023-11-19,64
2023-11-19,65
2023-11-19,66
2023-11-19,67
2023-11-19,68
2023-11-19,69
2023-11-19,70
2023-11-19,71
2023-11-19,72
2023-11-19,73
2023-11-19,74
2023-11-19,75
2023-11-19,76
2023-11-19,77
2023-11-19,78
2023-11-19,79
2023-11-19,80
2023-11-19,50
2023-11-19,82
2023-11-19,83
2023-11-19,84
2023-11-19,85
2023-11-19,86
2023-11-19,87
2023-11-19,88
2023-11-19,89
2023-11-19,90
2023-11-19,91
2023-11-19,92
2023-11-19,50
2023-11-19,94
2023-11-19,95
2023-11-19,96
2023-11-19,97
2023-11-19,98
2023-11-19,99
2023-11-19,100
2023-11-26,1
2023-11-26,2
2023-11-26,3
2023-11-26,4
2023-11-26,5
2023-11-26,6
2023-11-26,7
2023-11-26,8
2023-11-26,9
2023-11-26,10
2023-11-26,11
2023-11-26,12
2023-11-26,13
2023-11-26,14
2023-11-26,15
2023-11-26,16
2023-11-26,17
2023-11-26,18
2023-11-26,19
2023-11-26,20
2023-11-26,21
2023-11-26,22
2023-11-26,23
2023-11-26,24
2023-11-26,25
2023-11-26,26
2023-11-26,27
2023-11-26,28
2023-11-26,29
2023-11-26,30
2023-11-26,31
2023-11-26,32
2023-11-26,33
2023-11-26,34
2023-11-26,35
2023-11-26,36
2023-11-26,37
2023-11-26,38
2023-11-26,39
2023-11-26,40
2023-11-26,41
2023-11-26,42
2023-11-26,43
2023-11-26,44
2023-11-26,45
2023-11-26,46
2023-11-26,47
2023-11-26,50
2023-11-26,49
2023-11-26,50
2023-11-26,51
2023-11-26,52
2023-11-26,53
2023-11-26,54
2023-11-26,55
2023-11-26,56
2023-11-26,57
2023-11-26,58
2023-11-26,59
2023-11-26,60
2023-11-26,61
2023-11-26,62
2023-11-26,50
2023-11-26,64
2023-11-26,65
2023-11-26,66
2023-11-26,67
2023-11-26,68
2023-11-26,69
2023-11-26,70
2023-11-26,71
2023-11-26,72
2023-11-26,73
2023-11-26,74
2023-11-26,75
2023-11-26,76
2023-11-26,77
2023-11-26,78
2023-11-26,79
2023-11-26,80
2023-11-26,81
2023-11-26,82
2023-11-26,83
2023-11-26,84
2023-11-26,85
2023-11-26,86
2023-11-26,87
2023-11-26,88
2023-11-26,89
2023-11-26,90
2023-11-26,91
2023-11-26,92
2023-11-26,93
2023-11-26,94
2023-11-26,95
2023-11-26,96
2023-11-26,97
2023-11-26,98
2023-11-26,99
2023-11-26,100
2023-12-03,1
2023-12-03,2
2023-12-03,3
2023-12-03,4
2023-12-03,5
2023-12-03,6
2023-12-03,7
2023-12-03,8
2023-12-03,9
2023-12-03,10
2023-12-03,11
2023-12-03,12
2023-12-03,13
2023-12-03,14
2023-12-03,15
2023-12-03,16
2023-12-03,17
2023-12-03,50
2023-12-03,19
2023-12-03,20
2023-12-03,21
2023-12-03,22
2023-12-03,23
2023-12-03,24
2023-12-03,25
2023-12-03,26
2023-12-03,27
2023-12-03,28
2023-12-03,29
2023-12-03,30
2023-12-03,31
2023-12-03,32
2023-12-03,33
2023-12-03,34
2023-12-03,35
2023-12-03,36
2023-12-03,37
2023-12-03,38
2023-12-03,39
2023-12-03,40
2023-12-03,41
2023-12-03,42
2023-12-03,43
2023-12-03,44
2023-12-03,45
2023-12-03,46
2023-12-03,47
2023-12-03,48
2023-12-03,49
2023-12-03,50
2023-12-03,51
2023-12-03,52
2023-12-03,53
2023-12-03,54
2023-12-03,55
2023-12-03,56
2023-12-03,57
2023-12-03,58
2023-12-03,50
2023-12-03,60
2023-12-03,61
2023-12-03,62
2023-12-03,63
2023-12-03,64
2023-12-03,65
2023-12-03,66
2023-12-03,67
2023-12-03,68
2023-12-03,69
2023-12-03,70
2023-12-03,71
2023-12-03,72
2023-12-03,73
2023-12-03,74
2023-12-03,75
2023-12-03,76
2023-12-03,77
2023-12-03,78
2023-12-03,79
2023-12-03,80
2023-12-03,81
2023-12-03,82
2023-12-03,83
2023-12-03,84
2023-12-03,85
2023-12-03,86
2023-12-03,87
2023-12-03,88
2023-12-03,89
2023-12-03,90
2023-12-03,91
2023-12-03,92
2023-12-03,93
2023-12-03,94
2023-12-03,95
2023-12-03,96
2023-12-03,97
2023-12-03,98
2023-12-03,99
2023-12-03,100
2023-12-10,1
2023-12-10,2
2023-12-10,3
2023-12-10,4
2023-12-10,5
2023-12-10,6
2023-12-10,7
2023-12-10,8
2023-12-10,9
2023-12-10,10
2023-12-10,11
2023-12-10,12
2023-12-10,13
2023-12-10,14
2023-12-10,15
2023-12-10,16
2023-12-10,50
2023-12-10,18
2023-12-10,19
2023-12-10,20
2023-12-10,21
2023-12-10,22
2023-12-10,23
2023-12-10,24
2023-12-10,25
2023-12-10,26
2023-12-10,27
2023-12-10,28
2023-12-10,29
2023-12-10,30
2023-12-10,31
2023-12-10,32
2023-12-10,33
2023-12-10,34
2023-12-10,35
2023-12-10,36
2023-12-10,37
2023-12-10,38
2023-12-10,39
2023-12-10,40
2023-12-10,41
2023-12-10,42
2023-12-10,43
2023-12-10,44
2023-12-10,45
2023-12-10,46
2023-12-10,47
2023-12-10,48
2023-12-10,49
2023-12-10,50
2023-12-10,51
2023-12-10,52
2023-12-10,53
2023-12-10,54
2023-12-10,55
2023-12-10,56
2023-12-10,57
2023-12-10,58
2023-12-10,59
2023-12-10,60
2023-12-10,61
2023-12-10,62
2023-12-10,63
2023-12-10,64
2023-12-10,65
2023-12-10,66
2023-12-10,50
2023-12-10,68
2023-12-10,69
2023-12-10,70
2023-12-10,71
2023-12-10,72
2023-12-10,73
2023-12-10,74
2023-12-10,75
2023-12-10,76
2023-12-10,77
2023-12-10,78
2023-12-10,79
2023-12-10,80
2023-12-10,81
2023-12-10,82
2023-12-10,83
2023-12-10,84
2023-12-10,85
2023-12-10,86
2023-12-10,87
2023-12-10,88
2023-12-10,89
2023-12-10,90
2023-12-10,91
2023-12-10,92
2023-12-10,93
2023-12-10,94
2023-12-10,95
2023-12-10,96
2023-12-10,97
2023-12-10,98
2023-12-10,99
2023-12-10,100
2023-12-17,1
2023-12-17,2
2023-12-17,3
2023-12-17,4
2023-12-17,5
2023-12-17,6
2023-12-17,7
2023-12-17,8
2023-12-17,9
2023-12-17,10
2023-12-17,11
2023-12-17,12
2023-12-17,13
2023-12-17,50
2023-12-17,15
2023-12-17,16
2023-12-17,17
2023-12-17,18
2023-12-17,19
2023-12-17,20
2023-12-17,21
2023-12-17,22
2023-12-17,23
2023-12-17,24
2023-12-17,25
2023-12-17,26
2023-12-17,27
2023-12-17,28
2023-12-17,29
2023-12-17,30
2023-12-17,31
2023-12-17,32
2023-12-17,33
2023-12-17,34
2023-12-17,35
2023-12-17,36
2023-12-17,37
2023-12-17,38
2023-12-17,39
2023-12-17,40
2023-12-17,41
2023-12-17,42
2023-12-17,43
2023-12-17,44
2023-12-17,45
2023-12-17,46
2023-12-17,47
2023-12-17,48
2023-12-17,49
2023-12-17,50
2023-12-17,51
2023-12-17,52
2023-12-17,53
2023-12-17,54
2023-12-17,55
2023-12-17,56
2023-12-17,57
2023-12-17,58
2023-12-17,59
2023-12-17,60
2023-12-17,61
2023-12-17,62
2023-12-17,63
2023-12-17,64
2023-12-17,65
2023-12-17,66
2023-12-17,67
2023-12-17,68
2023-12-17,69
2023-12-17,70
2023-12-17,71
2023-12-17,72
2023-12-17,73
2023-12-17,74
2023-12-17,75
2023-12-17,76
2023-12-17,77
2023-12-17,78
2023-12-17,79
2023-12-17,80
2023-12-17,81
2023-12-17,82
2023-12-17,83
2023-12-17,50
2023-12-17,85
2023-12-17,86
2023-12-17,87
2023-12-17,88
2023-12-17,89
2023-12-17,90
2023-12-17,91
2023-12-17,92
2023-12-17,93
2023-12-17,94
2023-12-17,95
2023-12-17,96
2023-12-17,97
2023-12-17,98
2023-12-17,99
2023-12-17,100
2023-12-24,1
2023-12-24,2
2023-12-24,3
2023-12-24,4
2023-12-24,5
2023-12-24,6
2023-12-24,7
2023-12-24,8
2023-12-24,9
2023-12-24,10
2023-12-24,11
2023-12-24,50
2023-12-24,13
2023-12-24,14
2023-12-24,15
2023-12-24,16
2023-12-24,17
2023-12-24,18
2023-12-24,19
2023-12-24,20
2023-12-24,21
2023-12-24,22
2023-12-24,23
2023-12-24,24
2023-12-24,25
2023-12-24,26
2023-12-24,27
2023-12-24,28
2023-12-24,29
2023-12-24,30
2023-12-24,31
2023-12-24,32
2023-12-24,33
2023-12-24,34
2023-12-24,35
2023-12-24,36
2023-12-24,37
2023-12-24,38
2023-12-24,39
2023-12-24,40
2023-12-24,41
2023-12-24,42
2023-12-24,43
2023-12-24,44
2023-12-24,45
2023-12-24,46
2023-12-24,47
2023-12-24,48
2023-12-24,49
2023-12-24,50
2023-12-24,51
2023-12-24,52
2023-12-24,53
2023-12-24,54
2023-12-24,55
2023-12-24,56
2023-12-24,57
2023-12-24,58
2023-12-24,59
2023-12-24,60
2023-12-24,61
2023-12-24,62
2023-12-24,63
2023-12-24,64
2023-12-24,65
2023-12-24,66
2023-12-24,67
2023-12-24,68
2023-12-24,69
2023-12-24,70
2023-12-24,71
2023-12-24,72
2023-12-24,73
2023-12-24,74
2023-12-24,75
2023-12-24,76
2023-12-24,77
2023-12-24,78
2023-12-24,79
2023-12-24,80
2023-12-24,50
2023-12-24,82
2023-12-24,83
2023-12-24,84
2023-12-24,85
2023-12-24,86
2023-12-24,50
2023-12-24,88
2023-12-24,89
2023-12-24,90
2023-12-24,91
2023-12-24,92
2023-12-24,93
2023-12-24,94
2023-12-24,95
2023-12-24,50
2023-12-24,97
2023-12-24,98
2023-12-24,99
2023-12-24,100
2023-12-31,1
2023-12-31,2
2023-12-31,3
2023-12-31,4
2023-12-31,5
2023-12-31,6
2023-12-31,7
2023-12-31,8
2023-12-31,9
2023-12-31,10
2023-12-31,50
2023-12-31,12
2023-12-31,13
2023-12-31,14
2023-12-31,15
2023-12-31,16
2023-12-31,17
2023-12-31,18
2023-12-31,19
2023-12-31,20
2023-12-31,21
2023-12-31,22
2023-12-31,23
2023-12-31,24
2023-12-31,25
2023-12-31,26
2023-12-31,27
2023-12-31,28
2023-12-31,29
2023-12-31,30
2023-12-31,31
2023-12-31,32
2023-12-31,33
2023-12-31,34
2023-12-31,35
2023-12-31,36
2023-12-31,37
2023-12-31,38
2023-12-31,39
2023-12-31,40
2023-12-31,41
2023-12-31,42
2023-12-31,43
2023-12-31,44
2023-12-31,45
2023-12-31,46
2023-12-31,47
2023-12-31,48
2023-12-31,49
2023-12-31,50
2023-12-31,51
2023-12-31,52
2023-12-31,53
2023-12-31,54
2023-12-31,55
2023-12-31,56
2023-12-31,57
2023-12-31,58
2023-12-31,59
2023-12-31,60
2023-12-31,61
2023-12-31,62
2023-12-31,63
2023-12-31,64
2023-12-31,65
2023-12-31,66
2023-12-31,67
2023-12-31,68
2023-12-31,69
2023-12-31,70
2023-12-31,71
2023-12-31,72
2023-12-31,73
2023-12-31,74
2023-12-31,75
2023-12-31,76
2023-12-31,77
2023-12-31,50
2023-12-31,79
2023-12-31,80
2023-12-31,81
2023-12-31,82
2023-12-31,83
2023-12-31,84
2023-12-31,85
2023-12-31,86
2023-12-31,50
2023-12-31,88
2023-12-31,89
2023-12-31,90
2023-12-31,91
2023-12-31,92
2023-12-31,93
2023-12-31,94
2023-12-31,50
2023-12-31,96
2023-12-31,97
2023-12-31,98
2023-12-31,99
2023-12-31,100
